Unnamed: 0,trans_date_trans_time,cc_num,merchant,category,amt,first,last,gender,street,city,state,zip,lat,long,city_pop,job,dob,trans_num,unix_time,merch_lat,merch_long,is_fraud,hour,avg_amount,std_amount,avg_hour,avg_lat,avg_long,merchant_visits,category_visits,previous_time,previous_amount,previous_lat,previous_long,new_merchant,new_category,amount_z,amount_deviation,hour_deviation,location_deviation,current_previous_time,current_previous_amount,current_previous_lat,current_previous_long,prev_time,prev_amount,prev_lat,prev_long,seconds_since_previous,high_velocity,amount_change,log_amount_change,location_change,log_location_change,merchant_location_anomaly,amount_location_anomaly,amount_velocity_anomaly,combined_behavior_anomaly,fraud_probability,behavior_probability,hybrid_probability,decision,predicted_fraud
58565,2020-07-11 22:01:22,501882822387,"fraud_Lehner, Reichert and Mills",misc_pos,8.08,Melissa,Phillips,F,5069 Scott Pass Apt. 654,Meadville,MS,39653,31.4285,-90.8578,2799,"Therapist, horticultural",1961-01-21,496f769356c3c6fbbc96fe538a0598c9,1373580082,31.941283,-90.709249,1,22,65.656581027668,177.37327342950906,10.337944664031621,31.4285,-90.8578,1.0,40.0,2020-06-20 15:50:18,33.58,32.199234999999994,-91.750083,0,0,-0.3246068564323079,0.3246068564323079,11.662055335968379,0.5338668417217894,2020-07-10 13:19:58,7.18,30.7667,-90.69217,2020-07-10 13:19:58,7.18,30.7667,-90.69217,117684.0,0,1.1253480326813325,0.7539355690512192,1.1747071618620515,0.7768940172517639,0,0,0,0,0.6378847532167209,0.1157586611496983,0.4812469255966141,VERIFY,0
59521,2020-07-12 06:27:56,501882822387,fraud_Jaskolski-Dibbert,grocery_net,8.88,Melissa,Phillips,F,5069 Scott Pass Apt. 654,Meadville,MS,39653,31.4285,-90.8578,2799,"Therapist, horticultural",1961-01-21,f240a1e6bf734e91d2ea2342e9ac1002,1373610476,30.998257,-91.670257,1,6,65.656581027668,177.37327342950906,10.337944664031621,31.4285,-90.8578,0.0,6.0,2020-06-20 15:50:18,33.58,32.199234999999994,-91.750083,1,0,-0.32009659409107827,0.32009659409107827,4.337944664031621,0.9193451016337746,2020-07-12 03:47:00,296.17,32.394329,-90.150933,2020-07-12 03:47:00,296.17,32.394329,-90.150933,9656.0,0,0.029982780058808185,0.029542083712283954,2.0633376956184453,1.1195050717306088,1,0,0,2,0.2659550430562843,0.0847920970951997,0.2116061592679589,APPROVE,0
221850,2020-09-08 03:12:18,570273151375,"fraud_Adams, Kovacek and Kuhlman",grocery_net,15.83,Peter,Edwards,M,96122 Steven Flat,Allentown,GA,31003,32.6064,-83.2095,112,"Lecturer, higher education",1965-02-03,2d310251a05c0eb8b563a447e3a09170,1378609938,32.636952,-83.23804200000001,1,3,56.98058939096267,72.37512205561607,12.17681728880157,32.6064,-83.2095,0.0,4.0,2020-06-20 20:50:36,40.73,33.356877000000004,-82.416044,1,0,-0.5685736708086954,0.5685736708086954,9.17681728880157,0.041809932647638895,2020-09-08 01:01:54,363.98,32.637526,-83.836685,2020-09-08 01:01:54,363.98,32.637526,-83.836685,7824.0,0,0.04349140050691961,0.04257220649198007,0.5986432751856441,0.4691553165212481,0,0,0,1,0.389804717183929,0.4231860718174396,0.3998191235739822,VERIFY,0
287536,2020-10-06 16:24:28,581508178315,fraud_Dare-Gibson,health_fitness,20.33,Michael,Vargas,M,933 Martin Rapids,Desdemona,TX,76445,32.2819,-98.5673,407,Clothing/textile technologist,1978-08-08,2dc292462e68a76dfb0fecd5eb98cf5e,1381076668,32.084514,-99.557593,1,16,97.21499005964215,90.62707746183156,12.383697813121273,32.2819,-98.5673,1.0,31.0,2020-06-19 22:40:23,59.95,32.602017,-98.644238,0,0,-0.8483666401319886,0.8483666401319886,3.616302186878727,1.0097729739129429,2020-10-06 00:58:18,342.03,31.462114,-99.425321,2020-10-06 00:58:18,342.03,31.462114,-99.425321,55570.0,0,0.05943923030307508,0.05773974012331531,0.6362999622693677,0.49243757239420716,0,0,0,1,0.4221469042168717,0.1473765117104066,0.3397157864649321,VERIFY,0
257810,2020-09-23 18:34:20,586100864972,fraud_Little Ltd,kids_pets,21.29,Patrick,Bates,M,4481 Maldonado Hollow,Kirkwood,NY,13795,42.0695,-75.7967,3800,Advertising account executive,1968-07-06,30b831494e768b4ec8a1689f2f067c7d,1379961260,41.626334,-75.512342,1,18,,,,,,0.0,0.0,,,,,1,1,0.0,0.0,,,,,,,,,,,999999.0,0,0.0,0.0,,,0,0,0,1,0.1518270733814548,0.9999216832682214,0.4062554563474847,VERIFY,0
429206,2020-12-04 04:36:36,630423337322,"fraud_Jenkins, Hauck and Friesen",gas_transport,13.69,Stephanie,Gill,F,43039 Riley Greens Suite 393,Orient,WA,99160,48.8878,-118.2105,149,Special educational needs teacher,1978-06-21,bd4c76b1048b64e17a8e6ef648c4e5fe,1386131796,48.173571,-118.479952,1,4,53.9493201320132,118.33762066020718,14.021452145214521,48.8878,-118.2105,5.0,423.0,2020-06-21 07:59:13,65.43,49.416539,-117.329958,0,0,-0.3402072778478952,0.3402072778478952,10.021452145214521,0.7633658655880514,2020-12-03 22:49:56,5.71,49.106822,-117.788323,2020-12-03 22:49:56,5.71,49.106822,-117.788323,20800.0,0,2.3975477412350714,1.223053918816421,1.16159722048651,0.770847402363658,0,0,0,0,0.4713488735240492,0.1343282381096754,0.370242682899737,VERIFY,0
435973,2020-12-05 23:15:29,630423337322,fraud_Homenick LLC,personal_care,21.69,Stephanie,Gill,F,43039 Riley Greens Suite 393,Orient,WA,99160,48.8878,-118.2105,149,Special educational needs teacher,1978-06-21,92a79a77bd1107bb1ee9a4740fd8d73d,1386285329,49.161488,-119.109765,1,23,53.9493201320132,118.33762066020718,14.021452145214521,48.8878,-118.2105,5.0,239.0,2020-06-21 07:59:13,65.43,49.416539,-117.329958,0,0,-0.2726040939426864,0.2726040939426864,8.978547854785479,0.9399907773850761,2020-12-05 03:04:55,354.08,49.533242,-117.87987,2020-12-05 03:04:55,354.08,49.533242,-117.87987,72634.0,0,0.061257342800335124,0.05945437763040026,1.2848512550256546,0.8263009259584538,0,0,0,1,0.5147909582715223,0.3338408480743547,0.460505925212372,VERIFY,0
358852,2020-11-07 18:01:06,630469040731,fraud_Watsica LLC,personal_care,52.12,Meredith,Ayala,F,7107 Henderson Station,Cascade Locks,OR,97014,45.67100000000001,-121.8686,1288,Barrister,1936-05-01,7350b5e742bdc9f6d62bf42f84e1afef,1383847266,45.093853,-121.612082,1,18,60.891802638006844,92.12072665845753,11.38104543234001,45.67100000000001,-121.8686,3.0,141.0,2020-06-20 19:35:19,7.8,45.264165000000006,-122.294288,0,0,-0.09522072676769086,0.09522072676769086,6.618954567659991,0.6315854209313291,2020-11-07 03:06:20,21.96,44.840338,-121.99807,2020-11-07 03:06:20,21.96,44.840338,-121.99807,53686.0,0,2.3734060849997225,1.2159229416581743,0.4617971322658881,0.3796665912794198,0,0,0,0,0.0121725282135547,0.0085954759026855,0.0110994125202939,APPROVE,0
358984,2020-11-07 19:17:36,630469040731,fraud_Marvin-Lind,personal_care,47.57,Meredith,Ayala,F,7107 Henderson Station,Cascade Locks,OR,97014,45.67100000000001,-121.8686,1288,Barrister,1936-05-01,3a840c42346055b33d27a637e227c205,1383851856,46.315385,-121.968384,1,19,60.891802638006844,92.12072665845753,11.38104543234001,45.67100000000001,-121.8686,3.0,141.0,2020-06-20 19:35:19,7.8,45.264165000000006,-122.294288,0,0,-0.144612433885652,0.144612433885652,7.618954567659991,0.6520650848504239,2020-11-07 18:01:06,52.12,45.093853,-121.612082,2020-11-07 18:01:06,52.12,45.093853,-121.612082,4590.0,0,0.9127014406619065,0.6485166096225722,1.2724352801726266,0.8208520670919447,0,0,0,0,0.0238997601322903,0.0194944889771864,0.0225781787857591,APPROVE,0
359215,2020-11-07 22:01:26,630469040731,fraud_Emmerich-Rau,personal_care,51.43,Meredith,Ayala,F,7107 Henderson Station,Cascade Locks,OR,97014,45.67100000000001,-121.8686,1288,Barrister,1936-05-01,de2cdf488416da74fb7044adc6658e6a,1383861686,45.632096,-122.305686,1,22,60.891802638006844,92.12072665845753,11.38104543234001,45.67100000000001,-121.8686,5.0,141.0,2020-06-20 19:35:19,7.8,45.264165000000006,-122.294288,0,0,-0.10271089773722782,0.10271089773722782,10.61895456765999,0.4388139612774361,2020-11-07 19:17:36,47.57,46.315385,-121.968384,2020-11-07 19:17:36,47.57,46.315385,-121.968384,9830.0,0,1.081143555157798,0.7329175287697578,0.7620081999066669,0.5664541812526863,0,0,0,0,0.2236916493645002,0.0384373055008399,0.1681153462054021,APPROVE,0
361911,2020-11-08 22:26:57,630469040731,fraud_Satterfield-Lowe,travel,7.15,Meredith,Ayala,F,7107 Henderson Station,Cascade Locks,OR,97014,45.67100000000001,-121.8686,1288,Barrister,1936-05-01,8df38cef2b0defa87c615ad3372be23b,1383949617,45.108681,-121.336001,1,22,60.891802638006844,92.12072665845753,11.38104543234001,45.67100000000001,-121.8686,1.0,77.0,2020-06-20 19:35:19,7.8,45.264165000000006,-122.294288,0,0,-0.5833844782170786,0.5833844782170786,10.61895456765999,0.7745091042473391,2020-11-08 01:34:08,307.01,44.96682,-121.143767,2020-11-08 01:34:08,307.01,44.96682,-121.143767,75169.0,0,0.023289143600243825,0.023022089849021363,0.23891097521252408,0.21423274793680414,0,0,0,0,0.2975132090806499,0.227388463150289,0.2764757853015416,APPROVE,0
56343,2020-07-10 23:19:01,675961917837,fraud_McGlynn-Jaskolski,misc_pos,51.07,Christopher,Cummings,M,478 George Course Apt. 056,Sprague,NE,68438,40.6267,-96.7456,142,Chiropodist,1967-08-24,7ce2dc04e1c6a3d56a3c8c43cae31af0,1373498341,41.541876,-96.182446,1,23,87.1727037037037,623.2522115139703,11.772222222222222,40.6267,-96.7456,0.0,25.0,2020-06-21 01:59:59,65.16,41.048691,-95.885283,1,0,-0.05792631454620701,0.05792631454620701,11.227777777777778,1.074564813630151,2020-07-10 22:42:44,333.89,40.96852,-97.184621,2020-07-10 22:42:44,333.89,40.96852,-97.184621,2177.0,0,0.1529545654168901,0.14232783497441506,1.1545959610881293,0.7676032169232089,1,0,0,2,0.2685636742265185,0.2244045155665621,0.2553159266285316,APPROVE,0
56699,2020-07-11 03:29:00,675961917837,"fraud_Bernier, Streich and Jewess",grocery_net,19.92,Christopher,Cummings,M,478 George Course Apt. 056,Sprague,NE,68438,40.6267,-96.7456,142,Chiropodist,1967-08-24,7f98b691c5aa6fe5d4dfdb16887c7603,1373513340,40.154011,-97.026012,1,3,87.1727037037037,623.2522115139703,11.772222222222222,40.6267,-96.7456,0.0,3.0,2020-06-21 01:59:59,65.16,41.048691,-95.885283,1,0,-0.10790608096268285,0.10790608096268285,8.772222222222222,0.5496051132085669,2020-07-11 01:43:56,309.97,41.306340000000006,-97.523575,2020-07-11 01:43:56,309.97,41.306340000000006,-97.523575,6304.0,0,0.06426428343302809,0.06228374676176393,1.2551617677455045,0.8132217077410658,0,0,0,1,0.3531973217929269,0.5093452333865957,0.4000416952710275,VERIFY,0
58743,2020-07-11 23:42:46,675961917837,fraud_O'Keefe-Wisoky,food_dining,123.61,Christopher,Cummings,M,478 George Course Apt. 056,Sprague,NE,68438,40.6267,-96.7456,142,Chiropodist,1967-08-24,6b5dd984b11ee6be13e29a9e96e832fd,1373586166,40.09257,-96.554099,1,23,87.1727037037037,623.2522115139703,11.772222222222222,40.6267,-96.7456,0.0,22.0,2020-06-21 01:59:59,65.16,41.048691,-95.885283,1,0,0.05846316397228922,0.05846316397228922,11.227777777777778,0.5674217918806065,2020-07-11 23:37:59,953.63,39.819651,-96.024907,2020-07-11 23:37:59,953.63,39.819651,-96.024907,287.0,1,0.12962050257477167,0.12188173788848897,0.5954233396710238,0.4671391177416661,0,0,0,2,0.4744136376157841,0.3939692952033009,0.4502803348920391,VERIFY,0
112806,2020-07-30 15:58:13,676173792455,fraud_Shields-Wunsch,health_fitness,19.02,Brittany,Cox,F,07177 William Dale Apt. 547,Santa Monica,CA,90403,34.0287,-118.4924,92043,"Civil engineer, contracting",1961-04-25,5a6f74c1b12c8efc7f86c168a69b50c3,1375199893,33.708212,-118.688868,1,15,69.60317945383615,144.09979022258912,10.468790637191157,34.0287,-118.4924,2.0,97.0,2020-06-20 09:24:10,92.91,33.761992,-119.00145,0,0,-0.35102881846442757,0.35102881846442757,4.531209362808843,0.37591519411696667,2020-07-29 19:31:33,89.41,33.772648,-118.919713,2020-07-29 19:31:33,89.41,33.772648,-118.919713,73600.0,0,0.21272788040791993,0.19287226877497252,0.23966938085829856,0.2148447157252083,0,0,0,0,0.1448262116952272,0.0393202911883377,0.1131744355431603,APPROVE,0
113423,2020-07-30 22:15:02,676173792455,fraud_Corwin-Romaguera,travel,9.25,Brittany,Cox,F,07177 William Dale Apt. 547,Santa Monica,CA,90403,34.0287,-118.4924,92043,"Civil engineer, contracting",1961-04-25,fe7990dedcec4ebd89afe1c7b13f51be,1375222502,33.880463,-119.473564,1,22,69.60317945383615,144.09979022258912,10.468790637191157,34.0287,-118.4924,4.0,51.0,2020-06-20 09:24:10,92.91,33.761992,-119.00145,0,0,-0.4188290554884244,0.4188290554884244,11.531209362808843,0.9922988476588018,2020-07-30 15:58:13,19.02,33.708212,-118.688868,2020-07-30 15:58:13,19.02,33.708212,-118.688868,22609.0,0,0.4863301531897921,0.39631009738520706,0.8033792500537921,0.5896622660031638,0,0,0,1,0.5192375057264657,0.1759640494541562,0.4162554688447728,VERIFY,0
338048,2020-10-28 22:24:59,676281772837,fraud_Schmidt-Larkin,home,220.31,Alicia,Bishop,F,222 Freeman Islands,Whigham,GA,39897,30.8836,-84.3246,3430,"Editor, commissioning",1950-03-25,a9d64d5c5f005c3f9e447600f9d21d97,1382999099,31.519359,-83.36009200000001,1,22,75.02255905511811,335.24987968984414,10.00262467191601,30.8836,-84.3246,7.0,135.0,2020-06-21 06:30:22,52.77,30.208959000000004,-84.005452,0,0,0.4333705970183307,0.4333705970183307,11.99737532808399,1.155190541921544,2020-10-28 22:04:27,307.9,31.612332,-84.89478299999999,2020-10-28 22:04:27,307.9,31.612332,-84.89478299999999,1232.0,0,0.7155245186244739,0.5397188756213865,1.5375046159963035,0.9311811634780949,0,0,0,1,0.5416276398532224,0.2776965647286137,0.4624483173158397,VERIFY,0
257885,2020-09-23 19:28:16,676369110710,"fraud_Monahan, Bogisich and Ledner",misc_pos,7.23,David,Wolfe,M,81261 Garcia Underpass Suite 741,Southfield,MI,48034,42.4969,-83.2911,75830,"Engineer, automotive",1974-12-28,791e82f1b7aa140a96d43da643acd65e,1379964496,41.499752,-84.166871,1,19,55.43627623230844,114.53294375002646,13.810639336261591,42.4969,-83.2911,2.0,126.0,2020-06-20 18:18:32,1.08,43.198633,-84.225898,0,0,-0.4208944102286107,0.4208944102286107,5.189360663738409,1.3271318617021415,2020-09-23 03:55:45,285.38,42.695675,-84.019773,2020-09-23 03:55:45,285.38,42.695675,-84.019773,55951.0,0,0.025334641441815683,0.025019038762980877,1.2049355350113138,0.7906982726489009,0,0,0,1,0.0774748999209879,0.2111751950598614,0.1175849884626499,APPROVE,0
341783,2020-10-31 01:40:56,4026222041577,fraud_Spencer-Runolfsson,misc_pos,7.83,Debbie,Payne,F,204 Ashley Neck Apt. 169,Preston,CT,6365,41.5224,-71.9934,4720,Broadcast presenter,1977-05-18,3e15bbfa342adb13deb40d9870cec740,1383183656,41.63033,-72.74319799999999,1,1,91.38461685823754,134.45954783994762,13.651340996168582,41.5224,-71.9934,1.0,39.0,2020-06-19 04:54:27,67.84,42.427606,-71.288967,0,0,-0.621410807779043,0.621410807779043,11.348659003831418,0.757526188130812,2020-10-30 17:01:14,123.98,41.79861,-72.936513,2020-10-30 17:01:14,123.98,41.79861,-72.936513,31182.0,0,0.06315534712731612,0.06124122897146173,0.256298356656853,0.2281695849455942,0,0,0,0,0.5450817633971055,0.2328730110204747,0.4514191376841162,VERIFY,0
387605,2020-11-19 23:16:34,4066595222529,"fraud_Ritchie, Oberbrunner and Cremin",travel,9.03,Jamie,Olson,F,3423 Michael Canyon Suite 276,River,KY,41254,37.8795,-82.7251,571,Quarry manager,1931-03-07,653440bdbbeaa16532c974035c82a4ef,1384902994,38.580916,-81.725325,1,23,60.252817643186305,94.24904016642715,11.947992100065832,37.8795,-82.7251,3.0,70.0,2020-06-21 10:58:44,6.51,38.607764,-83.023933,0,0,-0.5434837003034955,0.5434837003034955,11.052007899934168,1.2212839373712412,2020-11-19 02:14:23,362.93,37.435699,-81.813763,2020-11-19 02:14:23,362.93,37.435699,-81.813763,75731.0,0,0.024880830945689714,0.024576343339354056,1.1486266830145488,0.7648288859642884,0,0,0,1,0.4301115476982518,0.299110086051803,0.3908111092043171,VERIFY,0
259820,2020-09-24 22:48:50,4427805710168,fraud_Stamm-Rodriguez,misc_pos,9.1,Michelle,Rodriguez,F,1742 Brandon Squares Apt. 461,Ruidoso,NM,88355,33.3305,-105.6933,8874,Licensed conveyancer,2000-08-16,5279a9429b94bd77b0a6ac314ab36d49,1380062930,32.607518,-105.74693700000002,1,22,42.95167100130039,117.22211149644971,15.22886866059818,33.3305,-105.69330000000001,0.0,95.0,2020-06-19 23:50:33,1.55,34.263194,-104.791782,1,0,-0.28878229781369663,0.28878229781369663,6.771131339401821,0.7249688959486493,2020-09-24 22:42:18,914.35,34.314129,-105.531025,2020-09-24 22:42:18,914.35,34.314129,-105.531025,392.0,0,0.009952425209217011,0.009903225990500975,1.7202148403804145,1.0007108626226966,0,0,0,1,0.2371113302720535,0.1327534250064057,0.2058039586923591,APPROVE,0
260078,2020-09-25 02:18:20,4427805710168,fraud_Rutherford-Mertz,grocery_pos,251.36,Michelle,Rodriguez,F,1742 Brandon Squares Apt. 461,Ruidoso,NM,88355,33.3305,-105.6933,8874,Licensed conveyancer,2000-08-16,776a1a4ddd1eef88d82c24c1010fe8cd,1380075500,32.791126,-104.919269,1,2,42.95167100130039,117.22211149644971,15.22886866059818,33.3305,-105.69330000000001,0.0,91.0,2020-06-19 23:50:33,1.55,34.263194,-104.791782,1,0,1.7778926224777911,1.7778926224777911,10.77113133940182,0.9434237122507653,2020-09-25 01:15:31,312.03,32.984482,-105.124276,2020-09-25 01:15:31,312.03,32.984482,-105.124276,3769.0,0,0.8055635650239928,0.5908727674429763,0.2818056294416391,0.24826973190362164,1,0,0,2,0.3620490420644101,0.6991369106803863,0.4631754026492029,VERIFY,0
261802,2020-09-25 23:56:43,4427805710168,"fraud_Lehner, Reichert and Mills",misc_pos,7.9,Michelle,Rodriguez,F,1742 Brandon Squares Apt. 461,Ruidoso,NM,88355,33.3305,-105.6933,8874,Licensed conveyancer,2000-08-16,c194ddd7110e17a4a39a5e71bf985fee,1380153403,33.231494,-105.387103,1,23,42.95167100130039,117.22211149644971,15.22886866059818,33.3305,-105.69330000000001,5.0,95.0,2020-06-19 23:50:33,1.55,34.263194,-104.791782,0,0,-0.2990192742206552,0.2990192742206552,7.771131339401821,0.321805517113998,2020-09-25 23:47:41,1008.56,33.290521000000005,-106.014594,2020-09-25 23:47:41,1008.56,33.290521000000005,-106.014594,542.0,0,0.007832949940674874,0.007802431650189968,0.6302611695241971,0.4887402286857053,0,0,0,0,0.2673938737020577,0.1812186795734774,0.2415413154634836,APPROVE,0
188430,2020-08-25 22:20:39,4471568287204,fraud_Kautzer and Sons,personal_care,20.93,Dakota,Maldonado,M,369 Cochran Radial,Pelham,NC,27311,36.4899,-79.4736,3402,Insurance underwriter,1927-10-24,cc8ce4d9f45555da541933a2ac90e5db,1377469239,37.108707,-78.649413,1,22,64.42998095238094,101.20797136621438,10.352380952380953,36.4899,-79.4736,3.0,91.0,2020-06-21 03:56:19,66.14,36.221215,-79.29905500000001,0,0,-0.42980784947433914,0.42980784947433914,11.647619047619047,1.030633938029415,2020-08-25 02:30:00,304.82,37.1698,-78.984359,2020-08-25 02:30:00,304.82,37.1698,-78.984359,71439.0,0,0.06866347330010014,0.06640877733646514,0.34047199233564196,0.29302178502960957,0,0,0,1,0.4555761167412859,0.2205741243660001,0.3850755190287001,VERIFY,0
141467,2020-08-09 22:30:33,4476840372112,fraud_Abbott-Steuber,personal_care,21.55,Steven,Walters,M,3206 Hall Divide Suite 282,Woodville,AL,35776,34.6689,-86.2296,3395,"Editor, commissioning",1979-01-21,297df29e2619dcfbd3f97e90b3b49c84,1376087433,34.878111,-85.594797,1,22,52.762835467045996,89.96548448012597,13.891417733522996,34.6689,-86.2296,1.0,109.0,2020-06-21 06:20:20,43.23,34.719974,-86.639039,0,0,-0.34694233350123077,0.34694233350123077,8.108582266477004,0.6683891765506118,2020-08-09 03:50:15,305.37,34.639257,-85.256179,2020-08-09 03:50:15,305.37,34.639257,-85.256179,67218.0,0,0.07057012781029529,0.0681913362997072,0.4143831358054959,0.3466934896157197,0,0,0,0,0.2417357582462596,0.2784089451091445,0.2527377143051251,APPROVE,0
141558,2020-08-09 23:12:26,4476840372112,fraud_Schoen-Quigley,kids_pets,20.36,Steven,Walters,M,3206 Hall Divide Suite 282,Woodville,AL,35776,34.6689,-86.2296,3395,"Editor, commissioning",1979-01-21,27aa8bc3f3bc59afbc70383a93f8e5e7,1376089946,35.630851,-85.359889,1,23,52.762835467045996,89.96548448012597,13.891417733522996,34.6689,-86.2296,3.0,146.0,2020-06-21 06:20:20,43.23,34.719974,-86.639039,0,0,-0.3601696283204521,0.3601696283204521,9.108582266477004,1.2968218651464876,2020-08-09 22:30:33,21.55,34.878111,-85.594797,2020-08-09 22:30:33,21.55,34.878111,-85.594797,2513.0,0,0.9447795385253114,0.6651486228441656,0.7885425011145603,0.5814010429875976,0,0,0,1,0.3046642215805302,0.2965844038862277,0.3022402762722394,APPROVE,0
323545,2020-10-22 20:34:29,4481131401752,"fraud_Schneider, Hayes and Nikolaus",food_dining,140.77,Frank,Foster,M,37910 Ward Lights,Shrewsbury,MA,1545,42.2848,-71.7205,35299,English as a second language teacher,1975-04-30,657edf65f358e78f01a5f071cdb374e7,1382474069,42.194614,-71.983068,1,20,53.654609375,109.19361134783736,13.9931640625,42.2848,-71.7205,1.0,85.0,2020-06-20 21:02:32,296.3,43.138658,-72.60853,0,0,0.7978066550952911,0.7978066550952911,6.0068359375,0.2776246913010442,2020-10-22 03:47:01,317.37,41.294209,-71.15879100000001,2020-10-22 03:47:01,317.37,41.294209,-71.15879100000001,60448.0,0,0.4435516890583493,0.36710652762547813,1.2207218097314352,0.7978322825564539,0,0,0,0,0.0085621043266698,0.0693026649429102,0.0267842725115419,APPROVE,0
403234,2020-11-26 22:54:34,4505383113689,"fraud_Wintheiser, Dietrich and Schimmel",misc_pos,6.97,Alicia,Hawkins,F,507 John Overpass Suite 424,Harwood,MD,20776,38.8582,-76.6145,3289,Quantity surveyor,1933-03-15,676d81242e8f7607699205784ba90619,1385506474,39.322491,-76.622225,1,22,72.09154761904762,219.12552586539354,10.512896825396826,38.8582,-76.6145,2.0,58.0,2020-06-21 11:54:55,62.49,38.833095,-76.353375,0,0,-0.2971883219203899,0.2971883219203899,11.487103174603174,0.4643552608789983,2020-11-26 22:52:37,867.25,39.276534000000005,-76.52540400000001,2020-11-26 22:52:37,867.25,39.276534000000005,-76.52540400000001,117.0,1,0.008036898232301068,0.00800477436840353,0.1071743994151486,0.10181118369844361,0,0,0,1,0.339667098052664,0.3926454981439333,0.3555606180800447,VERIFY,0
234288,2020-09-13 22:23:19,4586260469584,fraud_Hyatt-Blick,travel,8.49,Melody,Thompson,F,0362 Anderson Wall,Mound City,MO,64470,40.1362,-95.2138,1631,Architect,1953-01-20,26e4d9d3b7702dfbec180c125c5ae463,1379110999,40.191854,-94.892174,1,22,62.23665684830634,107.24175394253164,11.440353460972018,40.1362,-95.2138,5.0,93.0,2020-06-21 11:02:06,77.79,40.018364,-95.700625,0,0,-0.501172858250109,0.501172858250109,10.559646539027982,0.3264056549632765,2020-09-12 06:20:43,121.46,40.370509000000006,-94.798037,2020-09-12 06:20:43,121.46,40.370509000000006,-94.798037,144156.0,0,0.06989955483369377,0.06756477008017421,0.2019390596046314,0.18393613566356962,0,0,0,0,0.3393609960043253,0.1637060011200758,0.2866644975390504,APPROVE,0
234326,2020-09-13 22:40:46,4586260469584,fraud_Haley Group,misc_pos,48.95,Melody,Thompson,F,0362 Anderson Wall,Mound City,MO,64470,40.1362,-95.2138,1631,Architect,1953-01-20,f10b9a013d526f84742136c79c7c82c6,1379112046,40.55438,-94.911825,1,22,62.23665684830634,107.24175394253164,11.440353460972018,40.1362,-95.2138,1.0,85.0,2020-06-21 11:02:06,77.79,40.018364,-95.700625,0,0,-0.12389443697024863,0.12389443697024863,10.559646539027982,0.515813350956533,2020-09-13 22:34:23,710.45,39.651394,-96.089124,2020-09-13 22:34:23,710.45,39.651394,-96.089124,383.0,0,0.06889999286522627,0.06663007562288813,1.4837171737218011,0.9097562983785554,0,0,0,0,0.237835116108614,0.3294123833199636,0.2653082962720189,APPROVE,0
236567,2020-09-14 16:41:37,4586260469584,fraud_Little-Gleichner,travel,1.99,Melody,Thompson,F,0362 Anderson Wall,Mound City,MO,64470,40.1362,-95.2138,1631,Architect,1953-01-20,01bd4fbe438be78421caa3d17226af73,1379176897,40.744775,-94.669183,1,16,62.23665684830634,107.24175394253164,11.440353460972018,40.1362,-95.2138,1.0,93.0,2020-06-21 11:02:06,77.79,40.018364,-95.700625,0,0,-0.5617835784260629,0.5617835784260629,4.559646539027982,0.8166830519326308,2020-09-14 14:24:26,918.25,39.835778000000005,-94.84017,2020-09-14 14:24:26,918.25,39.835778000000005,-94.84017,8231.0,0,0.002167165802159362,0.0021648208856231525,0.9249389710559205,0.654894263889612,0,0,0,1,0.0184098256775022,0.0418265787034878,0.0254348515852979,APPROVE,0
224253,2020-09-08 22:03:22,4623560839669,fraud_Corwin-Romaguera,travel,7.74,Vincent,Waller,M,9379 Vanessa Run Apt. 400,Lohrville,IA,51453,42.2619,-94.5566,695,Administrator,1954-07-15,4d8460c6464fed9d9306c4c5ce564ff3,1378677802,42.516721,-95.038079,1,22,66.70075398743353,181.69833311795992,11.67955534074432,42.2619,-94.5566,2.0,82.0,2020-06-21 09:27:43,5.67,42.001913,-95.472758,0,0,-0.32449804382441816,0.32449804382441816,10.32044465925568,0.544752943527608,2020-09-07 23:59:38,1023.35,42.773113,-94.546455,2020-09-07 23:59:38,1023.35,42.773113,-94.546455,79424.0,0,0.007563394725593986,0.007534935663704155,0.5544646201878027,0.44113119064866324,0,0,0,0,0.2665887202820723,0.2827731953727654,0.2714440628092803,APPROVE,0
288607,2020-10-06 23:23:56,4755696071492,fraud_Bernier and Sons,kids_pets,19.4,Robert,Evans,M,01892 Patricia Vista Apt. 828,Sachse,TX,75048,32.9643,-96.6012,20328,Site engineer,1985-06-20,371afc24c496e7767e5827b9e2d9acef,1381101836,32.817096,-96.441522,1,23,61.380532612890775,180.54969376243344,13.805480509455808,32.9643,-96.6012,4.0,204.0,2020-06-21 11:07:51,754.81,32.854116999999995,-96.011844,0,0,-0.23251511262939875,0.23251511262939875,9.194519490544192,0.21717753405912057,2020-10-06 22:14:02,814.7,33.271691,-97.344644,2020-10-06 22:14:02,814.7,33.271691,-97.344644,4194.0,0,0.02381244627002277,0.02353335190242136,1.0110815797496218,0.6986726767253502,0,0,0,0,0.2948432859936005,0.3221419551565215,0.3030328867424767,APPROVE,0
289494,2020-10-07 14:47:14,4755696071492,fraud_Auer-West,shopping_net,1001.16,Robert,Evans,M,01892 Patricia Vista Apt. 828,Sachse,TX,75048,32.9643,-96.6012,20328,Site engineer,1985-06-20,f6476c710b517871348d04b35d5f8172,1381157234,33.060539,-96.882452,1,14,61.380532612890775,180.54969376243344,13.805480509455808,32.9643,-96.6012,2.0,168.0,2020-06-21 11:07:51,754.81,32.854116999999995,-96.011844,0,0,5.205101391191313,5.205101391191313,0.1945194905441916,0.2972618923188719,2020-10-07 00:57:43,9.07,33.731788,-96.956527,2020-10-07 00:57:43,9.07,33.731788,-96.956527,49771.0,0,110.38146522806338,3.044522437723423,0.6753238672118758,0.5160065001459684,0,0,0,2,0.6494691448831545,0.1776034979887088,0.5079094508148208,VERIFY,0
171881,2020-08-20 13:26:09,4981132848794,fraud_Stamm-Rodriguez,misc_pos,49.47,Joseph,Spencer,M,7854 Stephanie Island Suite 788,Holloway,OH,43985,40.0113,-80.9701,128,Child psychotherapist,1946-04-03,a8263ccf80d0542607485367c9a156e9,1377005169,40.887247,-80.498858,1,13,62.36378360655738,130.2595927834817,11.515409836065574,40.0113,-80.9701,0.0,64.0,2020-06-21 06:02:41,161.27,39.774534,-81.891274,1,0,-0.0989852895441199,0.0989852895441199,1.4845901639344259,0.9946618366927575,2020-08-19 23:28:11,1057.1,39.962352,-81.730173,2020-08-19 23:28:11,1057.1,39.962352,-81.730173,50278.0,0,0.04679784311153359,0.04573583121274512,1.5399894123824316,0.9321599126683842,1,0,0,2,0.1136538422780122,0.0292839833334471,0.0883428845946427,APPROVE,0
172986,2020-08-20 23:27:32,4981132848794,"fraud_Walter, Hettinger and Kessler",personal_care,49.25,Joseph,Spencer,M,7854 Stephanie Island Suite 788,Holloway,OH,43985,40.0113,-80.9701,128,Child psychotherapist,1946-04-03,9c9a2bb78bd375b8df1d39fa68c9d84e,1377041252,40.987691,-81.602184,1,23,62.36378360655738,130.2595927834817,11.515409836065574,40.0113,-80.9701,2.0,100.0,2020-06-21 06:02:41,161.27,39.774534,-81.891274,0,0,-0.1006742246437156,0.1006742246437156,11.484590163934426,1.16312921377506,2020-08-20 13:26:09,49.47,40.887247,-80.498858,2020-08-20 13:26:09,49.47,40.887247,-80.498858,36083.0,0,0.9955528401950103,0.690921124832849,1.1078886493741098,0.7456868064063815,0,0,0,1,0.2777391038390118,0.0412345019403518,0.2067877232694137,APPROVE,0
281220,2020-10-04 15:01:39,30011465039817,"fraud_Hintz, Bauch and Smith",health_fitness,26.34,Lisa,Garcia,F,213 Gill Expressway,Chatham,NY,12037,42.3496,-73.5873,4015,Human resources officer,1971-10-14,d638168d8bc11b82e5489ca11ad77e7b,1380898899,42.675619,-72.65088399999999,1,15,87.70349301397205,119.28311509167783,14.157684630738522,42.3496,-73.5873,0.0,40.0,2020-06-19 21:37:31,73.07,42.554207,-73.466656,1,0,-0.5144356973941702,0.5144356973941702,0.8423153692614775,0.9915459209824891,2020-10-04 03:54:06,1050.15,43.324229,-73.301479,2020-10-04 03:54:06,1050.15,43.324229,-73.301479,40053.0,0,0.02508213110024079,0.024772737282976524,0.9186777379065084,0.651636270618252,1,0,0,2,0.0710654669609613,0.0760324269364753,0.0725555549536155,APPROVE,0
309666,2020-10-16 22:34:23,30042378430132,fraud_Herman Inc,misc_pos,6.84,Connor,Grant,M,0654 Kevin Turnpike Apt. 084,Northport,NY,11768,40.9051,-73.3309,21902,Tour manager,1976-05-16,0fc2c4bf7b4517d511099ff886814945,1381962863,41.431904,-73.763269,1,22,50.26664658634538,75.703251897702,14.050200803212851,40.9051,-73.3309,0.0,33.0,2020-06-20 06:54:35,59.86,40.096083,-74.09655,1,0,-0.5736430724453535,0.5736430724453535,7.949799196787149,0.6815169892064328,2020-10-16 18:35:25,1094.32,41.174890000000005,-72.956586,2020-10-16 18:35:25,1094.32,41.174890000000005,-72.956586,14338.0,0,0.0062504568990327716,0.006231003811683569,0.8466366745452188,0.6133659707381921,0,0,0,1,0.2814595120919203,0.2627931370186922,0.2758595995699519,APPROVE,0
454063,2020-12-08 23:37:52,30092964733035,fraud_Connelly PLC,food_dining,106.11,Jessica,Terry,F,6412 Elizabeth Gardens Suite 633,Maysville,KY,41056,38.6207,-83.8067,14228,Advertising account executive,1971-03-26,569e846de3480b7a479e85b7b8322686,1386545872,39.259032,-83.94770799999999,1,23,80.25167300380228,116.21331040617444,13.95342205323194,38.6207,-83.8067,2.0,75.0,2020-06-21 06:55:14,3.99,37.775335,-84.760765,0,0,0.22250744500189726,0.22250744500189726,9.04657794676806,0.6537208871437363,2020-12-08 22:16:31,19.44,37.829721,-83.78246700000001,2020-12-08 22:16:31,19.44,37.829721,-83.78246700000001,4881.0,0,5.458333052554884,1.8653712430959273,1.4388309569932076,0.8915188085059821,0,0,0,1,0.3190025292141467,0.0783449285528946,0.246805249015771,APPROVE,0
46031,2020-07-06 23:15:29,30197398657930,fraud_Eichmann-Kilback,home,198.97,April,Johnson,F,9727 Deleon Mountain,Creedmoor,NC,27522,36.1124,-78.6476,12335,Chief Strategy Officer,1987-09-19,9abc35ea13ea20888afb0d25162a935e,1373152529,36.046066,-77.822588,1,23,89.17070980202801,127.54772234156164,13.770642201834862,36.1124,-78.6476,3.0,194.0,2020-06-21 05:45:40,52.06,36.490598,-79.21912900000001,0,0,0.8608486872316733,0.8608486872316733,9.229357798165138,0.82767445272885,2020-07-06 22:33:04,217.73,35.760507000000004,-79.496727,2020-07-06 22:33:04,217.73,35.760507000000004,-79.496727,2545.0,0,0.913838235824929,0.6491107731711439,1.6983183841088325,0.992628758276469,0,0,0,1,0.2668346643364985,0.2400335464700334,0.258794328976559,APPROVE,0
48140,2020-07-07 14:14:05,30197398657930,fraud_Romaguera and Sons,travel,7.9,April,Johnson,F,9727 Deleon Mountain,Creedmoor,NC,27522,36.1124,-78.6476,12335,Chief Strategy Officer,1987-09-19,bfb91e431a38e7b68ff7b554caa5115d,1373206445,36.276271,-78.626088,1,14,89.17070980202801,127.54772234156164,13.770642201834862,36.1124,-78.6476,0.0,45.0,2020-06-21 05:45:40,52.06,36.490598,-79.21912900000001,1,0,-0.6371788352849871,0.6371788352849871,0.2293577981651378,0.1652769517658169,2020-07-07 09:49:26,1041.39,36.26427,-77.992763,2020-07-07 09:49:26,1041.39,36.26427,-77.992763,15879.0,0,0.007586014838258466,0.0075573857237920825,0.6334386944495883,0.4906874211738671,0,0,0,1,0.0649867679992921,0.0825411850409033,0.0702530931117755,APPROVE,0
131535,2020-08-06 01:59:53,30199621383748,"fraud_Graham, Hegmann and Hammes",food_dining,122.03,Theresa,Powell,F,117 Natasha Vista Suite 936,Leonard,TX,75452,33.4044,-96.2238,4090,Sub,1977-03-23,21d24ff8fa3439371f16cb1a4a63e218,1375754393,34.253868,-97.000483,1,1,84.62614274570983,114.71410678744125,14.025351014040561,33.4044,-96.2238,3.0,177.0,2020-06-20 23:40:51,2.16,33.358893,-96.830352,0,0,0.3260615278776121,0.3260615278776121,10.974648985959439,1.1510136252508045,2020-08-06 01:23:11,1116.06,33.767247999999995,-96.867737,2020-08-06 01:23:11,1116.06,33.767247999999995,-96.867737,2202.0,0,0.10933999954362668,0.10376524347678767,0.5044011547528429,0.40839491519739957,0,0,0,1,0.4798213987381147,0.209963549183158,0.3988640438716277,VERIFY,0
131610,2020-08-06 02:57:36,30199621383748,fraud_Gutmann-Upton,misc_pos,7.45,Theresa,Powell,F,117 Natasha Vista Suite 936,Leonard,TX,75452,33.4044,-96.2238,4090,Sub,1977-03-23,9231bcc1472921055c59a718612c3717,1375757856,33.491536,-95.956002,1,2,84.62614274570983,114.71410678744125,14.025351014040561,33.4044,-96.2238,3.0,167.0,2020-06-20 23:40:51,2.16,33.358893,-96.830352,0,0,-0.6727694111408934,0.6727694111408934,11.974648985959439,0.2816175621299206,2020-08-06 01:59:53,122.03,34.253868,-97.000483,2020-08-06 01:59:53,122.03,34.253868,-97.000483,3463.0,0,0.06105056083708465,0.05925951244278973,1.2930934372987128,0.8299017519765217,0,0,0,0,0.4418744891202548,0.2077736892278201,0.3716442491525243,VERIFY,0
133024,2020-08-06 19:32:37,30199621383748,fraud_Zboncak Ltd,food_dining,124.27,Theresa,Powell,F,117 Natasha Vista Suite 936,Leonard,TX,75452,33.4044,-96.2238,4090,Sub,1977-03-23,5c06e9dd7dba6906152cda6b5705b99c,1375817557,34.298984999999995,-96.761756,1,19,84.62614274570983,114.71410678744125,14.025351014040561,33.4044,-96.2238,3.0,177.0,2020-06-20 23:40:51,2.16,33.358893,-96.830352,0,0,0.3455883327598031,0.3455883327598031,4.974648985959439,1.043876898949773,2020-08-06 06:29:44,530.09,33.430213,-95.423245,2020-08-06 06:29:44,530.09,33.430213,-95.423245,46973.0,0,0.234431888482273,0.21061085491709725,1.5957369724064856,0.9538704733721068,0,0,0,1,0.1434730904168798,0.0237268650162094,0.1075492227966787,APPROVE,0
133415,2020-08-06 23:21:05,30199621383748,fraud_Morissette-Schaefer,personal_care,18.83,Theresa,Powell,F,117 Natasha Vista Suite 936,Leonard,TX,75452,33.4044,-96.2238,4090,Sub,1977-03-23,d4ca6278c86c54bfe17d3bcb0cd56ee1,1375831265,32.743431,-96.555606,1,23,84.62614274570983,114.71410678744125,14.025351014040561,33.4044,-96.2238,4.0,224.0,2020-06-20 23:40:51,2.16,33.358893,-96.830352,0,0,-0.5735662684804763,0.5735662684804763,8.974648985959439,0.7395777447956382,2020-08-06 19:32:37,124.27,34.298984999999995,-96.761756,2020-08-06 19:32:37,124.27,34.298984999999995,-96.761756,13708.0,0,0.15152490422849518,0.14108706768562776,1.5691545715499107,0.9435768843013425,0,0,0,0,0.6242310963858384,0.1667628814557237,0.486990631906804,VERIFY,0
133629,2020-08-07 02:01:42,30199621383748,"fraud_Hagenes, Kohler and Hoppe",food_dining,131.09,Theresa,Powell,F,117 Natasha Vista Suite 936,Leonard,TX,75452,33.4044,-96.2238,4090,Sub,1977-03-23,9e75e2e8172804c26313a3bba190ca55,1375840902,33.674222,-95.657028,1,2,84.62614274570983,114.71410678744125,14.025351014040561,33.4044,-96.2238,4.0,177.0,2020-06-20 23:40:51,2.16,33.358893,-96.830352,0,0,0.4050404797671885,0.4050404797671885,11.974648985959439,0.6277216036333297,2020-08-07 01:32:18,13.62,33.723425,-95.81658,2020-08-07 01:32:18,13.62,33.723425,-95.81658,1764.0,0,9.624815739734528,2.3631923725174713,0.16696639156728954,0.15440755388996788,0,0,0,1,0.4599914367442687,0.2436371305203849,0.3950851448771035,VERIFY,0
134348,2020-08-07 11:28:54,30199621383748,"fraud_Hagenes, Kohler and Hoppe",food_dining,138.22,Theresa,Powell,F,117 Natasha Vista Suite 936,Leonard,TX,75452,33.4044,-96.2238,4090,Sub,1977-03-23,981a7287f961a993009c455602090fa8,1375874934,32.712568,-95.559436,1,11,84.62614274570983,114.71410678744125,14.025351014040561,33.4044,-96.2238,4.0,177.0,2020-06-20 23:40:51,2.16,33.358893,-96.830352,0,0,0.46719499709309126,0.46719499709309126,3.0253510140405613,0.9591720600184288,2020-08-07 03:30:23,850.9,34.346047,-96.202708,2020-08-07 03:30:23,850.9,34.346047,-96.202708,28711.0,0,0.16243976946475525,0.1505210459240133,1.7555775429826501,1.0136270551111024,0,0,0,1,0.0786584491604174,0.0189940862251549,0.0607591402798386,APPROVE,0
135654,2020-08-07 22:48:11,30199621383748,fraud_Gottlieb Group,kids_pets,20.9,Theresa,Powell,F,117 Natasha Vista Suite 936,Leonard,TX,75452,33.4044,-96.2238,4090,Sub,1977-03-23,cb535f8f79cc09361832c2df456473eb,1375915691,33.545252000000005,-95.448972,1,22,84.62614274570983,114.71410678744125,14.025351014040561,33.4044,-96.2238,2.0,246.0,2020-06-20 23:40:51,2.16,33.358893,-96.830352,0,0,-0.5555214086116659,0.5555214086116659,7.974648985959439,0.7875263268539026,2020-08-07 11:28:54,138.22,32.712568,-95.559436,2020-08-07 11:28:54,138.22,32.712568,-95.559436,40757.0,0,0.15120821768768472,0.1408120149321906,0.8399791301883721,0.6097542292676418,0,0,0,0,0.6363883837375868,0.1058579957078852,0.4772292673286763,VERIFY,0
135808,2020-08-07 23:57:49,30199621383748,fraud_Terry Ltd,home,228.94,Theresa,Powell,F,117 Natasha Vista Suite 936,Leonard,TX,75452,33.4044,-96.2238,4090,Sub,1977-03-23,e7adea19f8f25742aece0d31b0585a94,1375919869,33.939739,-96.337567,1,23,84.62614274570983,114.71410678744125,14.025351014040561,33.4044,-96.2238,6.0,266.0,2020-06-20 23:40:51,2.16,33.358893,-96.830352,0,0,1.2580305948218293,1.2580305948218293,8.974648985959439,0.5472940482135749,2020-08-07 22:48:11,20.9,33.545252000000005,-95.448972,2020-08-07 22:48:11,20.9,33.545252000000005,-95.448972,4178.0,0,10.95406646152792,2.4810715101597305,0.9722248028074655,0.6791622470501065,0,0,0,1,0.6474137615851386,0.1128672439394298,0.487049806291426,VERIFY,0
391121,2020-11-21 21:37:32,30235268718158,fraud_Howe PLC,entertainment,464.99,Kenneth,Doyle,M,8614 Reed Glen,West Harrison,NY,10604,41.0592,-73.7395,11250,Lexicographer,1977-08-16,0d4c6ccda977a4e9ee7e5684cb71a5ce,1385069852,40.9156,-74.381689,1,21,71.48213254593176,385.79842454797097,14.064304461942257,41.0592,-73.7395,3.0,114.0,2020-06-21 11:20:35,89.73,40.888851,-74.276161,0,0,1.019983082862889,1.019983082862889,6.935695538057743,0.6580483809880425,2020-11-21 03:17:38,306.22,41.204635,-73.458772,2020-11-21 03:17:38,306.22,41.204635,-73.458772,65994.0,0,1.518483438317277,0.9236569101713354,0.9671178935962254,0.6765694733486336,0,0,0,0,0.5344227978476019,0.0527134827859979,0.3899100033291207,VERIFY,0
144024,2020-08-10 16:15:35,30238755902988,fraud_Collier LLC,home,229.83,Danielle,Yu,F,5395 Colon Burgs Suite 037,Thrall,TX,76578,30.592,-97.2893,1766,Press sub,1976-01-02,0032501057a8306fb8189d8c8cd6276b,1376151335,29.996709000000003,-98.195081,1,16,55.04155323998697,129.67577063181366,14.043959622272876,30.592,-97.28930000000001,7.0,312.0,2020-06-21 09:00:41,71.42,29.968306,-97.936381,0,0,1.347888233557515,1.347888233557515,1.956040377727124,1.0838867997360138,2020-08-10 07:38:57,876.32,31.035343,-97.140385,2020-08-10 07:38:57,876.32,31.035343,-97.140385,30998.0,0,0.2622672080264433,0.2329094754834853,1.4802514105286342,0.9083599302519301,0,0,0,1,0.1518855996029733,0.1589030596930098,0.1539908376299842,APPROVE,0
145304,2020-08-10 22:15:57,30238755902988,fraud_Fadel Inc,health_fitness,21.69,Danielle,Yu,F,5395 Colon Burgs Suite 037,Thrall,TX,76578,30.592,-97.2893,1766,Press sub,1976-01-02,c539a6b6e3da995e879679a50789e9dc,1376172957,31.308748,-96.314079,1,22,55.04155323998697,129.67577063181366,14.043959622272876,30.592,-97.28930000000001,3.0,172.0,2020-06-21 09:00:41,71.42,29.968306,-97.936381,0,0,-0.25719186259929494,0.25719186259929494,7.956040377727124,1.2102824853500167,2020-08-10 16:15:35,229.83,29.996709000000003,-98.195081,2020-08-10 16:15:35,229.83,29.996709000000003,-98.195081,21622.0,0,0.09437410218694643,0.09018260366878739,2.29338502252129,1.1919159180660577,0,0,0,1,0.5708770369247452,0.1895604614415865,0.4564820642797976,VERIFY,0
145308,2020-08-10 22:16:25,30238755902988,fraud_Langworth LLC,personal_care,20.71,Danielle,Yu,F,5395 Colon Burgs Suite 037,Thrall,TX,76578,30.592,-97.2893,1766,Press sub,1976-01-02,3a3916592fd587b5328e7d291bd1c6c6,1376172985,31.222918,-96.833305,1,22,55.04155323998697,129.67577063181366,14.043959622272876,30.592,-97.28930000000001,5.0,269.0,2020-06-21 09:00:41,71.42,29.968306,-97.936381,0,0,-0.2647491725552557,0.2647491725552557,7.956040377727124,0.7784529290516002,2020-08-10 22:15:57,21.69,31.308748,-96.314079,2020-08-10 22:15:57,21.69,31.308748,-96.314079,28.0,1,0.9548178444067383,0.6702970148798401,0.5262721995089508,0.42282829146980766,0,0,0,1,0.5791441573537355,0.0957175849924832,0.4341161856453597,VERIFY,0
145575,2020-08-10 23:31:44,30238755902988,"fraud_Bahringer, Osinski and Block",food_dining,97.93,Danielle,Yu,F,5395 Colon Burgs Suite 037,Thrall,TX,76578,30.592,-97.2893,1766,Press sub,1976-01-02,e51c2ba9f29c482b51e7bd96a406cf9c,1376177504,30.936854,-96.940349,1,23,55.04155323998697,129.67577063181366,14.043959622272876,30.592,-97.28930000000001,3.0,184.0,2020-06-21 09:00:41,71.42,29.968306,-97.936381,0,0,0.33073600581136714,0.33073600581136714,8.956040377727124,0.49060277385784384,2020-08-10 22:16:25,20.71,31.222918,-96.833305,2020-08-10 22:16:25,20.71,31.222918,-96.833305,4519.0,0,4.7286332820553705,1.7454769825651932,0.3054358034546707,0.26653693403350853,0,0,0,0,0.1984699527808191,0.1046489856714701,0.1703236626480144,APPROVE,0
145655,2020-08-10 23:56:10,30238755902988,fraud_Erdman-Schaden,personal_care,18.31,Danielle,Yu,F,5395 Colon Burgs Suite 037,Thrall,TX,76578,30.592,-97.2893,1766,Press sub,1976-01-02,ec91a02362ab0615a18e91de6280550c,1376178970,29.612195,-97.617793,1,23,55.04155323998697,129.67577063181366,14.043959622272876,30.592,-97.28930000000001,4.0,269.0,2020-06-21 09:00:41,71.42,29.968306,-97.936381,0,0,-0.2832568704065882,0.2832568704065882,8.956040377727124,1.0334048040695352,2020-08-10 23:31:44,97.93,30.936854,-96.940349,2020-08-10 23:31:44,97.93,30.936854,-96.940349,1466.0,0,0.18697028298815188,0.17140407992083945,1.4878346142690098,0.9114126993029351,0,0,0,1,0.6144560367336941,0.1960693683126289,0.4889400362073745,VERIFY,0
370377,2020-11-12 03:15:44,30242921189660,fraud_Kuvalis Ltd,gas_transport,23.69,Dalton,Jones,M,3304 Hernandez Run,Afton,MI,49705,45.3637,-84.4695,937,Technical brewer,1958-04-06,d59a8794152ba54f2b5c431b6c36e3ba,1384226144,44.385482,-83.694248,1,3,61.7930252918288,110.53518183484941,11.385214007782102,45.3637,-84.4695,1.0,128.0,2020-06-21 10:58:34,92.6,45.49353,-85.064516,0,0,-0.34471400249781575,0.34471400249781575,8.385214007782102,1.2481691067431482,2020-11-10 10:12:17,77.5,45.751593,-85.433638,2020-11-10 10:12:17,77.5,45.751593,-85.433638,147807.0,0,0.305677415410614,0.2667219983615409,2.211727116174369,1.1668088348709207,0,0,0,1,0.4671720539493268,0.175529710772483,0.3796793509962737,VERIFY,0
257280,2020-09-23 11:00:46,30270432095985,"fraud_Zieme, Bode and Dooley",gas_transport,12.54,Lisa,Lin,F,908 Brooks Brook,Lomax,IL,61454,40.6761,-91.0391,725,Environmental consultant,1972-11-28,22c3e1ad2bb60270ad4ba87e1d0dcd08,1379934046,41.505957,-91.489182,1,11,54.68877578176979,119.10125167651873,13.963406520292748,40.6761,-91.0391,8.0,410.0,2020-06-20 16:07:09,46.29,40.951,-91.985845,0,0,-0.35389028103882897,0.35389028103882897,2.9634065202927484,0.9440532014526523,2020-09-23 02:20:52,360.71,39.733064,-91.87243,2020-09-23 02:20:52,360.71,39.733064,-91.87243,31194.0,0,0.034764769386030965,0.03417412493071285,1.8138436037743189,1.034551379242329,0,0,0,1,0.4577276695413592,0.0387041209425428,0.3320206049617142,VERIFY,0
258234,2020-09-23 23:54:08,30270432095985,fraud_Kris-Padberg,shopping_pos,1083.04,Lisa,Lin,F,908 Brooks Brook,Lomax,IL,61454,40.6761,-91.0391,725,Environmental consultant,1972-11-28,c98e747667217c7b3c777f1de57552b9,1379980448,41.459806,-91.543203,1,23,54.68877578176979,119.10125167651873,13.963406520292748,40.6761,-91.0391,10.0,288.0,2020-06-20 16:07:09,46.29,40.951,-91.985845,0,0,8.634260355021215,8.634260355021215,9.036593479707252,0.9318341746496552,2020-09-23 23:17:57,18.68,40.551606,-91.420352,2020-09-23 23:17:57,18.68,40.551606,-91.420352,2171.0,0,57.97858361999017,3.044522437723423,0.9164712806198589,0.6504856203986982,0,1,0,3,0.4264059640370273,0.3538944081931026,0.4046524972838499,VERIFY,0
259778,2020-09-24 22:14:46,30270432095985,"fraud_Hermiston, Russel and Price",food_dining,119.06,Lisa,Lin,F,908 Brooks Brook,Lomax,IL,61454,40.6761,-91.0391,725,Environmental consultant,1972-11-28,6fa8a87afacdc46dca4980b46ba6bca6,1380060886,41.499391,-91.728548,1,22,54.68877578176979,119.10125167651873,13.963406520292748,40.6761,-91.0391,4.0,196.0,2020-06-20 16:07:09,46.29,40.951,-91.985845,0,0,0.5404747873900511,0.5404747873900511,8.036593479707252,1.0738466442583903,2020-09-24 03:36:13,340.71,40.07549,-90.932026,2020-09-24 03:36:13,340.71,40.07549,-90.932026,67113.0,0,0.34944674253926583,0.2996946881097469,1.6315456948197982,0.9675713902133944,0,0,0,1,0.5397895011238986,0.1934673856862821,0.4358928664926136,VERIFY,0
259794,2020-09-24 22:29:49,30270432095985,fraud_Harris Group,food_dining,118.24,Lisa,Lin,F,908 Brooks Brook,Lomax,IL,61454,40.6761,-91.0391,725,Environmental consultant,1972-11-28,88520059d616ec74fa73444cafefa608,1380061789,41.370478000000006,-91.961113,1,22,54.68877578176979,119.10125167651873,13.963406520292748,40.6761,-91.0391,6.0,196.0,2020-06-20 16:07:09,46.29,40.951,-91.985845,0,0,0.533589889191481,0.533589889191481,8.036593479707252,1.154239480806733,2020-09-24 22:14:46,119.06,41.499391,-91.728548,2020-09-24 22:14:46,119.06,41.499391,-91.728548,903.0,0,0.9931127079362279,0.6896975915314224,0.2659041947657021,0.2357866453179266,0,0,0,1,0.5039673343020983,0.1078574590037441,0.385134371712592,VERIFY,0
259802,2020-09-24 22:37:44,30270432095985,fraud_Morissette PLC,shopping_pos,1052.9,Lisa,Lin,F,908 Brooks Brook,Lomax,IL,61454,40.6761,-91.0391,725,Environmental consultant,1972-11-28,81fcbc2c6dc202658afa67dfb5a54986,1380062264,41.419683,-91.67608,1,22,54.68877578176979,119.10125167651873,13.963406520292748,40.6761,-91.0391,6.0,288.0,2020-06-20 16:07:09,46.29,40.951,-91.985845,0,0,8.381198365137191,8.381198365137191,8.036593479707252,0.9791114330294555,2020-09-24 22:29:49,118.24,41.370478000000006,-91.961113,2020-09-24 22:29:49,118.24,41.370478000000006,-91.961113,475.0,0,8.904769884093625,2.293016447583177,0.2892489293221299,0.25405982348291256,0,1,0,3,0.5078039084130026,0.2742834480402764,0.4377477703011847,VERIFY,0
259815,2020-09-24 22:45:18,30270432095985,fraud_Emmerich-Rau,personal_care,16.32,Lisa,Lin,F,908 Brooks Brook,Lomax,IL,61454,40.6761,-91.0391,725,Environmental consultant,1972-11-28,376536fe9ece5554d8fb75489b3188b3,1380062718,41.212492,-91.620246,1,22,54.68877578176979,119.10125167651873,13.963406520292748,40.6761,-91.0391,8.0,253.0,2020-06-20 16:07:09,46.29,40.951,-91.985845,0,0,-0.3221525795868841,0.3221525795868841,8.036593479707252,0.7908521043659095,2020-09-24 22:37:44,1052.9,41.419683,-91.67608,2020-09-24 22:37:44,1052.9,41.419683,-91.67608,454.0,0,0.015500047473169295,0.015381148786867744,0.21458225937155473,0.19440019822577423,0,0,0,0,0.3133842007306129,0.1623087347242804,0.2680615609287131,APPROVE,0
259828,2020-09-24 22:54:20,30270432095985,fraud_Bednar PLC,kids_pets,20.35,Lisa,Lin,F,908 Brooks Brook,Lomax,IL,61454,40.6761,-91.0391,725,Environmental consultant,1972-11-28,ee7c3a95d6120dddae187ff31c177f28,1380063260,39.748842,-91.392595,1,22,54.68877578176979,119.10125167651873,13.963406520292748,40.6761,-91.0391,4.0,245.0,2020-06-20 16:07:09,46.29,40.951,-91.985845,0,0,-0.2883158238061069,0.2883158238061069,8.036593479707252,0.9923538247968751,2020-09-24 22:45:18,16.32,41.212492,-91.620246,2020-09-24 22:45:18,16.32,41.212492,-91.620246,542.0,0,1.2469361981043996,0.8095675985430135,1.4812482237292237,0.9087617495757163,0,0,0,1,0.5824169967994809,0.1429707090792659,0.4505831104834163,VERIFY,0
259869,2020-09-24 23:23:18,30270432095985,fraud_Kirlin and Sons,personal_care,23.26,Lisa,Lin,F,908 Brooks Brook,Lomax,IL,61454,40.6761,-91.0391,725,Environmental consultant,1972-11-28,0ea85fe40692fffeb0e00fa257691ef1,1380064998,41.666739,-91.2961,1,23,54.68877578176979,119.10125167651873,13.963406520292748,40.6761,-91.0391,5.0,253.0,2020-06-20 16:07:09,46.29,40.951,-91.985845,0,0,-0.26388283141849855,0.26388283141849855,9.036593479707252,1.0234327668787033,2020-09-24 22:54:20,20.35,39.748842,-91.392595,2020-09-24 22:54:20,20.35,39.748842,-91.392595,1738.0,0,1.1429974868305903,0.7622055437565434,1.9203229383710405,1.0716942054975256,0,0,0,1,0.4680117790403512,0.1368586536961488,0.3686658414370904,VERIFY,0
259908,2020-09-24 23:46:22,30270432095985,"fraud_Konopelski, Schneider and Hartmann",food_dining,114.9,Lisa,Lin,F,908 Brooks Brook,Lomax,IL,61454,40.6761,-91.0391,725,Environmental consultant,1972-11-28,e7558f0b83d76f41634597d85871af6f,1380066382,39.986709000000005,-91.218772,1,23,54.68877578176979,119.10125167651873,13.963406520292748,40.6761,-91.0391,0.0,196.0,2020-06-20 16:07:09,46.29,40.951,-91.985845,1,0,0.5055465233582811,0.5055465233582811,9.036593479707252,0.7124198049359589,2020-09-24 23:23:18,23.26,41.666739,-91.2961,2020-09-24 23:23:18,23.26,41.666739,-91.2961,1384.0,0,4.939810621676242,1.7816772509936292,1.6818086753504344,0.986491445756537,0,0,0,1,0.5624122824814553,0.1582509810631186,0.4411638920559542,VERIFY,0
373557,2020-11-13 22:29:14,30487648872433,fraud_Howe Ltd,misc_pos,52.18,Stephanie,Crane,F,144 Martinez Curve,Central,IN,47110,38.097,-86.1723,350,Counsellor,1955-01-05,8f1f93f732339444cde70ff55a8ccde6,1384381754,37.592704,-85.25116700000001,1,22,56.47706511175899,80.01313511779207,11.359572400388727,38.097,-86.1723,0.0,34.0,2020-06-20 04:19:13,6.07,37.732048,-87.022025,1,0,-0.0537044955397452,0.0537044955397452,10.640427599611273,1.0501430661128983,2020-11-13 22:27:41,1004.6,38.370982,-85.762132,2020-11-13 22:27:41,1004.6,38.370982,-85.762132,93.0,1,0.05194107102136067,0.05063709660716459,0.9310219527535237,0.6580493719749837,1,0,0,3,0.0988316275522109,0.5455409849731673,0.2328444347784978,APPROVE,0
374050,2020-11-14 05:34:30,30487648872433,fraud_Rowe-Vandervort,grocery_net,12.55,Stephanie,Crane,F,144 Martinez Curve,Central,IN,47110,38.097,-86.1723,350,Counsellor,1955-01-05,ae2596de1d971bb90b0c2e8ea276f46e,1384407270,37.38525,-86.506171,1,5,56.47706511175899,80.01313511779207,11.359572400388727,38.097,-86.1723,0.0,10.0,2020-06-20 04:19:13,6.07,37.732048,-87.022025,1,0,-0.5489981675895238,0.5489981675895238,6.359572400388727,0.7861665899419759,2020-11-14 03:45:11,312.27,37.130048,-87.12688100000001,2020-11-14 03:45:11,312.27,37.130048,-87.12688100000001,6559.0,0,0.0401895794018331,0.039402984427241314,0.671125148466379,0.5134971411633202,0,0,0,1,0.3488204189077496,0.1522477714381396,0.2898486246668666,APPROVE,0
375443,2020-11-14 23:15:26,30487648872433,fraud_Fritsch LLC,travel,7.05,Stephanie,Crane,F,144 Martinez Curve,Central,IN,47110,38.097,-86.1723,350,Counsellor,1955-01-05,7964d53cb2902d83f37165e83fa05e46,1384470926,38.07356,-86.90128100000001,1,23,56.47706511175899,80.01313511779207,11.359572400388727,38.097,-86.1723,1.0,44.0,2020-06-20 04:19:13,6.07,37.732048,-87.022025,0,0,-0.6177368805916379,0.6177368805916379,11.640427599611273,0.7293577530684148,2020-11-14 22:07:32,349.38,37.903138,-86.582598,2020-11-14 22:07:32,349.38,37.903138,-86.582598,4074.0,0,0.020178602037384502,0.019977712004609058,0.3613896962739879,0.3085060135250267,0,0,0,0,0.2473018427234134,0.6720999257450113,0.3747412676298928,VERIFY,0
281309,2020-10-04 15:45:14,30510856607165,fraud_Boyer PLC,misc_pos,8.22,Frederick,Robinson,M,1125 Ray Track,Livonia,MI,48154,42.3958,-83.3772,96942,Horticultural consultant,1965-04-01,331c2636d581615190aaeb7d9679c01c,1380901514,42.092163,-82.67805200000001,1,15,56.264030418250954,73.61183476867356,10.108365019011407,42.3958,-83.3772,2.0,52.0,2020-06-21 06:57:30,258.41,42.749716,-83.700412,0,0,-0.652667195656282,0.652667195656282,4.891634980988593,0.7622357599017463,2020-10-04 05:16:40,313.57,42.514009,-82.715714,2020-10-04 05:16:40,313.57,42.514009,-82.715714,37714.0,0,0.026214242350306977,0.02587653815706146,0.4235238764934057,0.3531354006851415,0,0,0,0,0.0963357281226852,0.1237664296189312,0.104564938571559,APPROVE,0
441315,2020-12-06 23:17:55,30518196150127,"fraud_Bahringer, Osinski and Block",food_dining,133.43,Karen,Sullivan,F,6313 Scott Trace,Rossville,IL,60963,40.3625,-87.6692,1807,"Buyer, retail",1975-06-02,33524f43079f94dd9f657ca2577575a6,1386371875,40.8023,-87.77994100000001,1,23,65.70413306451613,276.9881103374976,13.90524193548387,40.3625,-87.6692,0.0,37.0,2020-06-20 21:44:13,17.0,40.446493,-86.89863100000001,1,0,0.24450820870417414,0.24450820870417414,9.09475806451613,0.4535279584336622,2020-12-05 20:43:19,1.18,40.844517,-86.714274,2020-12-05 20:43:19,1.18,40.844517,-86.714274,95676.0,0,113.07617535917345,3.044522437723423,1.0665028973134627,0.7258577570076038,0,0,0,2,0.6227741531142955,0.113998828459388,0.4701415557178232,VERIFY,0
447199,2020-12-07 21:32:10,30518196150127,fraud_Rau-Robel,kids_pets,18.72,Karen,Sullivan,F,6313 Scott Trace,Rossville,IL,60963,40.3625,-87.6692,1807,"Buyer, retail",1975-06-02,b1a56bfd9e7e4d12438cb726a5dce77a,1386451930,41.219249,-86.831122,1,21,65.70413306451613,276.9881103374976,13.90524193548387,40.3625,-87.6692,0.0,46.0,2020-06-20 21:44:13,17.0,40.446493,-86.89863100000001,1,0,-0.1696250890973009,0.1696250890973009,7.09475806451613,1.1984963842603022,2020-12-07 03:17:26,835.3,40.000226,-86.780113,2020-12-07 03:17:26,835.3,40.000226,-86.780113,65684.0,0,0.022411109754087024,0.02216367092998917,1.2200897477685808,0.7975476219898262,1,0,0,2,0.2545724668576588,0.1903889599390071,0.2353174147820633,APPROVE,0
447639,2020-12-07 22:52:47,30518196150127,fraud_Powlowski-Weimann,food_dining,117.49,Karen,Sullivan,F,6313 Scott Trace,Rossville,IL,60963,40.3625,-87.6692,1807,"Buyer, retail",1975-06-02,5ab53aa6c005346abbf91b4c0dd68ff2,1386456767,39.386543,-87.650837,1,22,65.70413306451613,276.9881103374976,13.90524193548387,40.3625,-87.6692,0.0,37.0,2020-06-20 21:44:13,17.0,40.446493,-86.89863100000001,1,0,0.1869606124444277,0.1869606124444277,8.09475806451613,0.9761297381075881,2020-12-07 21:32:10,18.72,41.219249,-86.831122,2020-12-07 21:32:10,18.72,41.219249,-86.831122,4837.0,0,6.276174878409462,1.9846052953326072,2.007671278785694,1.10116611779726,1,0,0,3,0.6574834524692501,0.1357436839903318,0.5009615219255746,VERIFY,0
401268,2020-11-25 18:57:14,30546453310167,fraud_Berge-Hills,kids_pets,21.55,Nicholas,Tran,M,672 Randall Burg Suite 551,Belmont,NH,3220,43.4512,-71.48899999999999,7430,"Scientist, research (medical)",1955-01-13,6f2bd21a3b5cc26160936757f2d6f028,1385405834,42.596517,-72.334389,1,18,69.89900999999999,214.53177328281166,10.356,43.4512,-71.48899999999999,1.0,96.0,2020-06-21 07:38:02,163.13,43.959841,-71.954215,0,0,-0.22536992555826602,0.22536992555826602,7.644,1.2021504031567856,2020-11-25 09:32:18,263.69,43.247075,-72.466348,2020-11-25 09:32:18,263.69,43.247075,-72.466348,33896.0,0,0.08172475224041582,0.07855676011432762,0.6638063641190882,0.5091079679108746,0,0,0,1,0.1597411442933873,0.0592287172735974,0.1295874161874504,APPROVE,0
26013,2020-06-29 23:16:13,30551643947183,fraud_Ankunding-Carroll,travel,8.85,Morgan,Smith,F,1441 Bradley Place,Grover,NC,28073,35.1836,-81.4552,5621,Toxicologist,1973-11-14,4358e65f19b0a0fdc7599ac3a9fb8cc4,1372547773,35.660418,-80.569244,1,23,86.60193423597678,122.63301615506427,13.907930367504836,35.1836,-81.4552,1.0,42.0,2020-06-21 09:49:46,36.39,35.057099,-81.081974,0,0,-0.6340212125553656,0.6340212125553656,9.092069632495164,1.00611800454023,2020-06-28 23:48:15,1664.65,35.002588,-82.30820899999999,2020-06-28 23:48:15,1664.65,35.002588,-82.30820899999999,84478.0,0,0.00531643288059566,0.005302350541133479,1.8592309109212262,1.0505526764030693,0,0,0,1,0.3976659060746563,0.1967189238534316,0.3373818114082889,VERIFY,0
26780,2020-06-30 04:41:27,30551643947183,fraud_Herzog Ltd,misc_pos,8.13,Morgan,Smith,F,1441 Bradley Place,Grover,NC,28073,35.1836,-81.4552,5621,Toxicologist,1973-11-14,67fb6fe6c1d08ae7c237a36aba3dbead,1372567287,36.05983,-81.818185,1,4,86.60193423597678,122.63301615506427,13.907930367504836,35.1836,-81.4552,0.0,162.0,2020-06-21 09:49:46,36.39,35.057099,-81.081974,1,0,-0.6398923883341494,0.6398923883341494,9.907930367504836,0.9484393091416,2020-06-30 03:21:07,1071.12,35.853558,-81.172494,2020-06-30 03:21:07,1071.12,35.853558,-81.172494,4820.0,0,0.007590185966474172,0.007561525439429897,0.6778384803660814,0.5175063461808107,1,0,0,2,0.1929470689537811,0.2182804025676214,0.2005470690379332,APPROVE,0
29795,2020-06-30 22:43:00,30551643947183,fraud_Ziemann-Waters,health_fitness,18.4,Morgan,Smith,F,1441 Bradley Place,Grover,NC,28073,35.1836,-81.4552,5621,Toxicologist,1973-11-14,8d624487e70bee749037423bd007b49b,1372632180,35.179315,-82.382785,1,22,86.60193423597678,122.63301615506427,13.907930367504836,35.1836,-81.4552,0.0,160.0,2020-06-21 09:49:46,36.39,35.057099,-81.081974,1,0,-0.5561465893784405,0.5561465893784405,8.092069632495164,0.9275948972746604,2020-06-30 04:41:27,8.13,36.05983,-81.818185,2020-06-30 04:41:27,8.13,36.05983,-81.818185,64893.0,0,2.2632223538471887,1.1827151592818834,1.0459827078996051,0.7158782158317472,1,0,0,2,0.5956897316670132,0.0692741771406478,0.4377650653091036,VERIFY,0
297889,2020-10-11 20:45:56,38530489946071,fraud_White and Sons,home,299.79,Laura,Johns,F,95835 Garcia Rue,Arcadia,SC,29320,34.9572,-81.9916,530,Animal technologist,1989-05-14,2a986dc1bb37345b0f19046e2980fb18,1381524356,34.015091,-82.220637,1,20,62.20133072407045,137.28465656558663,13.935420743639922,34.9572,-81.9916,4.0,209.0,2020-06-21 09:46:07,54.74,34.351281,-82.52685699999999,0,0,1.7306279775831725,1.7306279775831725,6.064579256360078,0.9695500581455296,2020-10-11 03:06:41,997.42,34.854169,-81.676624,2020-10-11 03:06:41,997.42,34.854169,-81.676624,63555.0,0,0.3005654585825776,0.2627991380367164,1.0000010171259792,0.6931476891228056,0,0,0,1,0.381791930540021,0.5129066860544454,0.4211263571943483,VERIFY,0
300776,2020-10-12 18:55:10,38530489946071,fraud_Lynch-Wisozk,home,195.69,Laura,Johns,F,95835 Garcia Rue,Arcadia,SC,29320,34.9572,-81.9916,530,Animal technologist,1989-05-14,4cb1d1439319d203d59ba5ea6aca331e,1381604110,35.205983,-82.237615,1,18,62.20133072407045,137.28465656558663,13.935420743639922,34.9572,-81.9916,5.0,209.0,2020-06-21 09:46:07,54.74,34.351281,-82.52685699999999,0,0,0.9723495082628327,0.9723495082628327,4.064579256360078,0.3498804957610548,2020-10-12 03:37:33,1111.57,35.110485,-81.136,2020-10-12 03:37:33,1111.57,35.110485,-81.136,55057.0,0,0.17604829189700308,0.16215991317157802,1.1057465696211868,0.7446700691587914,0,0,0,0,0.0224067905150609,0.1466796225143206,0.0596886401148388,APPROVE,0
301032,2020-10-12 20:26:12,38530489946071,fraud_Ziemann-Waters,health_fitness,21.73,Laura,Johns,F,95835 Garcia Rue,Arcadia,SC,29320,34.9572,-81.9916,530,Animal technologist,1989-05-14,55ff2f9989435b5bcd1edd7df3dd3685,1381609572,35.804269,-81.24658000000001,1,20,62.20133072407045,137.28465656558663,13.935420743639922,34.9572,-81.9916,2.0,125.0,2020-06-21 09:46:07,54.74,34.351281,-82.52685699999999,0,0,-0.2947986427743072,0.2947986427743072,6.064579256360078,1.1280871824291734,2020-10-12 18:55:10,195.69,35.205983,-82.237615,2020-10-12 18:55:10,195.69,35.205983,-82.237615,5462.0,0,0.11104297556828159,0.10529919178900972,1.157625375076491,0.7690082535623657,0,0,0,1,0.2082922709151402,0.0247278823777178,0.1532229543539135,APPROVE,0
354692,2020-11-05 11:49:41,38859492057661,fraud_Emard Inc,gas_transport,9.38,Edward,Sanchez,M,594 White Dale Suite 530,Malad City,ID,83252,42.1808,-112.262,4154,Nature conservation officer,1962-01-19,eb5b8475f1b8dc593343b5aca5a31c00,1383652181,41.724405,-111.508607,1,11,65.8700397614314,101.58575435388477,10.339960238568588,42.1808,-112.262,0.0,49.0,2020-06-20 07:19:00,144.48,42.089317,-112.688197,1,0,-0.556082292882918,0.556082292882918,0.6600397614314115,0.8808503893817635,2020-11-05 00:57:25,276.62,42.079236,-112.961883,2020-11-05 00:57:25,276.62,42.079236,-112.961883,39136.0,0,0.033909333981963226,0.033347087504726626,1.4959666342325322,0.9146760827225332,1,0,0,2,0.7093984884964892,0.0413470688954299,0.5089830626161714,VERIFY,0
275750,2020-10-01 22:26:27,180020605265701,"fraud_Boehm, Predovic and Reinger",misc_pos,9.34,John,Lewis,M,7908 Derrick Mount,Morrowville,KS,66958,39.8616,-97.1825,314,Chemical engineer,2002-03-17,b30f7340f3d1bd6eadd13ab043072a26,1380666387,38.896016,-98.166538,1,22,,,,,,0.0,0.0,,,,,1,1,0.0,0.0,,,2020-10-01 22:22:21,1020.62,39.697668,-97.355614,2020-10-01 22:22:21,1020.62,39.697668,-97.355614,246.0,1,0.009151300181114127,0.00910968075548539,1.1402822733341054,0.76093772376242,0,0,0,2,0.2964533812795613,0.9981292231590102,0.5069561338433959,VERIFY,0
275765,2020-10-01 22:35:53,180020605265701,"fraud_Hahn, Douglas and Schowalter",travel,9.41,John,Lewis,M,7908 Derrick Mount,Morrowville,KS,66958,39.8616,-97.1825,314,Chemical engineer,2002-03-17,777a37993cf340786fc3b76a288d0afa,1380666953,40.419003,-96.668234,1,22,,,,,,0.0,0.0,,,,,1,1,0.0,0.0,,,2020-10-01 22:28:20,1075.7,40.562946,-97.480374,2020-10-01 22:28:20,1075.7,40.562946,-97.480374,453.0,0,0.008747792127221536,0.008709751878160607,0.824797530821352,0.6014690388642366,0,0,0,1,0.2830866328471272,0.999957881775619,0.4981480075256747,VERIFY,0
401582,2020-11-25 22:54:50,180046165512893,fraud_Rau-Grant,kids_pets,17.15,Erica,Walker,F,084 Holmes Avenue Suite 206,Stayton,OR,97383,44.8021,-122.7624,9587,"Engineer, biomedical",1968-03-24,8686fe5a238c06e1ad468765baffa9cb,1385420090,44.758049,-122.036989,1,22,62.628183556405354,77.04625090747973,10.436902485659656,44.8021,-122.7624,4.0,110.0,2020-06-21 06:06:14,130.93,44.032214,-123.443246,0,0,-0.5902711998374354,0.5902711998374354,11.563097514340344,0.7267472803677986,2020-11-25 21:21:33,983.38,45.402624,-122.059475,2020-11-25 21:21:33,983.38,45.402624,-122.059475,5597.0,0,0.017439850294453975,0.017289521397515484,0.6449670928202494,0.49772037965265525,0,0,0,0,0.5931178073615468,0.3055811091352898,0.5068567978936697,VERIFY,0
13897,2020-06-25 23:48:37,180098888332620,"fraud_Bahringer, Osinski and Block",food_dining,95.52,Dennis,Davidson,M,08469 Trujillo Forge,Springville,NY,14141,42.52,-78.6847,7728,"Scientist, research (maths)",1959-03-30,4c0e38b525e9490d3ca71b7e0c6de539,1372204117,43.143611,-78.708062,1,23,,,,,,0.0,0.0,,,,,1,1,0.0,0.0,,,2020-06-24 23:24:22,1047.3,43.217469,-78.33609399999999,2020-06-24 23:24:22,1047.3,43.217469,-78.33609399999999,87855.0,0,0.09120595809108568,0.08728346821961538,0.37922974196126463,0.3215251853418666,0,0,0,1,0.1660752228074125,0.9999361392705878,0.4162334977463651,VERIFY,0
164771,2020-08-17 22:07:40,213112402583773,fraud_Eichmann-Kilback,home,220.35,Ana,Howell,F,4664 Sanchez Common Suite 930,Bradley,SC,29819,34.0326,-82.2027,1523,Research scientist (physical sciences),1984-06-03,4ee5717ac5294fb3e59aaa024a1afc65,1376777260,33.130153,-82.81823399999999,1,22,57.54519409688803,211.40219782912783,13.804299005453963,34.0326,-82.2027,5.0,275.0,2020-06-21 12:07:53,9.72,33.838336,-82.27188199999999,0,0,0.7701187915964102,0.7701187915964102,8.195700994546037,1.0923793722718311,2020-08-17 02:34:23,909.88,34.921311,-82.879941,2020-08-17 02:34:23,909.88,34.921311,-82.879941,70397.0,0,0.24217479201413944,0.21686370792004425,1.7922206155529548,1.0268371988103053,0,0,0,1,0.5724810536115861,0.2222810140888225,0.467421041754757,VERIFY,0
167875,2020-08-18 18:24:34,213112402583773,fraud_Kovacek Ltd,travel,10.23,Ana,Howell,F,4664 Sanchez Common Suite 930,Bradley,SC,29819,34.0326,-82.2027,1523,Research scientist (physical sciences),1984-06-03,3a19fe44bfdf260f630d0ad080015270,1376850274,33.206609,-81.49289300000001,1,18,57.54519409688803,211.40219782912783,13.804299005453963,34.0326,-82.2027,1.0,63.0,2020-06-21 12:07:53,9.72,33.838336,-82.27188199999999,0,0,-0.22381599793638837,0.22381599793638837,4.195700994546037,1.0890762642395526,2020-08-18 18:13:36,464.3,33.375886,-82.772423,2020-08-18 18:13:36,464.3,33.375886,-82.772423,658.0,0,0.022033168162754323,0.021793945425879965,1.2906787840624736,0.8288481858990704,0,0,0,1,0.1319829876544334,0.06794657883028,0.1127720650071874,APPROVE,0
167913,2020-08-18 18:35:15,213112402583773,"fraud_Baumbach, Hodkiewicz and Walsh",shopping_pos,874.71,Ana,Howell,F,4664 Sanchez Common Suite 930,Bradley,SC,29819,34.0326,-82.2027,1523,Research scientist (physical sciences),1984-06-03,5a1efe5ee20227b4a577b332c35c39dc,1376850915,33.344198,-82.74733,1,18,57.54519409688803,211.40219782912783,13.804299005453963,34.0326,-82.2027,5.0,310.0,2020-06-21 12:07:53,9.72,33.838336,-82.27188199999999,0,0,3.8654508346131724,3.8654508346131724,4.195700994546037,0.8777922023486071,2020-08-18 18:24:34,10.23,33.206609,-81.49289300000001,2020-08-18 18:24:34,10.23,33.206609,-81.49289300000001,641.0,0,85.50439046877904,3.044522437723423,1.2619599517773885,0.8162316727526651,0,1,0,3,0.6422593321398026,0.0992681305136709,0.479361971651963,VERIFY,0
168603,2020-08-18 22:05:54,213112402583773,fraud_Bernier and Sons,kids_pets,24.06,Ana,Howell,F,4664 Sanchez Common Suite 930,Bradley,SC,29819,34.0326,-82.2027,1523,Research scientist (physical sciences),1984-06-03,d3917efa78cfe121cd4e47db9df300e5,1376863554,33.406114,-81.85813900000001,1,22,57.54519409688803,211.40219782912783,13.804299005453963,34.0326,-82.2027,5.0,257.0,2020-06-21 12:07:53,9.72,33.838336,-82.27188199999999,0,0,-0.15839567555280468,0.15839567555280468,8.195700994546037,0.7149874061247437,2020-08-18 18:35:15,874.71,33.344198,-82.74733,2020-08-18 18:35:15,874.71,33.344198,-82.74733,12639.0,0,0.027506259185894454,0.027134759034802596,0.8913440556468611,0.6372877168848178,0,0,0,0,0.4998035281662049,0.2322469876773969,0.4195365660195625,VERIFY,0
168672,2020-08-18 22:26:44,213112402583773,fraud_Schumm PLC,health_fitness,23.06,Ana,Howell,F,4664 Sanchez Common Suite 930,Bradley,SC,29819,34.0326,-82.2027,1523,Research scientist (physical sciences),1984-06-03,ecc68274b518cac8c85746c53d1b5cf9,1376864804,33.616962,-82.509622,1,22,57.54519409688803,211.40219782912783,13.804299005453963,34.0326,-82.2027,13.0,165.0,2020-06-21 12:07:53,9.72,33.838336,-82.27188199999999,0,0,-0.1631259953202366,0.1631259953202366,8.195700994546037,0.5166779084961938,2020-08-18 22:07:55,470.35,35.01748,-82.354831,2020-08-18 22:07:55,470.35,35.01748,-82.354831,1129.0,0,0.04902731997655507,0.04786337290396265,1.4090461035768103,0.8792308615055652,0,0,0,0,0.586164872217293,0.1848181397894208,0.4657608524889313,VERIFY,0
432006,2020-12-04 22:20:36,213156747557083,fraud_Bruen-Yost,misc_pos,9.02,Adam,Santos,M,725 Jo Trace Apt. 102,Glendale,CA,91206,34.1556,-118.2322,172817,Advertising account planner,1982-07-30,10eb5129f7958587e2eceb75ed6f375b,1386195636,34.03968,-118.160172,1,22,64.21521321552056,179.84673697747132,13.91970802919708,34.1556,-118.23219999999999,6.0,192.0,2020-06-21 08:38:46,39.99,34.788344,-117.827248,0,0,-0.3069013863483843,0.3069013863483843,8.08029197080292,0.13647519622260676,2020-12-04 21:50:46,959.59,33.92808,-118.771782,2020-12-04 21:50:46,959.59,33.92808,-118.771782,1790.0,0,0.009399847841890966,0.009355944182871296,0.6217084140495427,0.4834801701428433,0,0,0,0,0.2841920498953104,0.2225855586243986,0.2657101025140368,APPROVE,0
15411,2020-06-26 16:34:06,213161231269724,"fraud_Schiller, Blanda and Johnson",home,219.46,Alyssa,Morgan,F,622 Robin Run Suite 764,Gadsden,AL,35901,34.048,-85.9246,67082,Physiological scientist,1963-02-09,d002efc2db8e4a586a955557a3543ac4,1372264446,33.227584,-86.050751,1,16,65.09374025974026,134.56658018167371,10.335064935064935,34.048,-85.9246,3.0,150.0,2020-06-21 05:50:21,59.67,33.241704,-85.799194,0,0,1.1471366693328946,1.1471366693328946,5.664935064935065,0.83005812317994,2020-06-26 05:56:53,8.32,33.27753,-86.362105,2020-06-26 05:56:53,8.32,33.27753,-86.362105,38233.0,0,26.37740067579319,3.044522437723423,0.3153346099494889,0.2740910894965836,0,0,0,2,0.0567792535408725,0.018126078199631,0.0451833009385001,APPROVE,0
292616,2020-10-09 12:15:41,213199865312311,fraud_Bruen-Yost,misc_pos,50.59,Christopher,Miller,M,493 Fitzgerald Fields Suite 454,Varnell,GA,30756,34.9298,-84.9885,74,Pensions consultant,1944-05-14,1156fdb2409e0afb02e5bc54d81313b0,1381320941,35.589597999999995,-84.045684,1,12,60.65178191489362,86.39044459688638,11.200797872340425,34.9298,-84.9885,2.0,57.0,2020-06-21 09:55:16,65.32,33.980115999999995,-85.617692,0,0,-0.11646868870018022,0.11646868870018022,0.7992021276595747,1.1507542790100795,2020-10-08 07:12:04,119.59,34.40205,-85.87831899999999,2020-10-08 07:12:04,119.59,34.40205,-85.87831899999999,104617.0,0,0.4230286777905454,0.3527874719549232,2.1837631042603887,1.158063863285906,0,0,0,1,0.0469352044920789,0.0148426622176966,0.0373074418097642,APPROVE,0
295510,2020-10-10 22:13:07,213199865312311,"fraud_Feil, Hilpert and Koss",food_dining,107.46,Christopher,Miller,M,493 Fitzgerald Fields Suite 454,Varnell,GA,30756,34.9298,-84.9885,74,Pensions consultant,1944-05-14,e04ed4248b4f22804950d5c053f84f05,1381443187,34.392720000000004,-85.87194699999999,1,22,60.65178191489362,86.39044459688638,11.200797872340425,34.9298,-84.9885,1.0,78.0,2020-06-21 09:55:16,65.32,33.980115999999995,-85.617692,0,0,0.5418216998616037,0.5418216998616037,10.799202127659575,1.0338924161676482,2020-10-10 14:33:35,908.8,35.308297,-85.843589,2020-10-10 14:33:35,908.8,35.308297,-85.843589,27572.0,0,0.11824383789805916,0.11175945282876902,0.9160160583161181,0.6502480606806232,0,0,0,1,0.1968379462222668,0.1312463032350162,0.1771604533260916,APPROVE,0
306031,2020-10-14 22:18:52,341542810616333,fraud_Marvin-Lind,personal_care,52.83,Billy,Mcdonald,M,304 Ryan Port Suite 335,Camden,MO,64017,39.2048,-94.0259,464,Colour technologist,1959-05-28,9b18bce150533a2d4b4ad10366c2ac1b,1381789132,39.097705,-94.79636,1,22,56.661621890547266,70.82320784445447,11.458706467661692,39.2048,-94.0259,1.0,85.0,2020-06-21 05:33:02,2.6,39.573953,-94.298891,0,0,-0.054101218415032154,0.054101218415032154,10.541293532338308,0.777867566250851,2020-10-14 22:13:39,823.42,39.888304,-93.32464,2020-10-14 22:13:39,823.42,39.888304,-93.32464,313.0,0,0.06415923822088455,0.062185039703549126,1.6706305807092765,0.9823146170781025,0,0,0,0,0.0676437675581912,0.2719321386535079,0.1289302788867862,APPROVE,0
243321,2020-09-17 15:21:56,342952484382519,fraud_Mohr Inc,shopping_pos,896.61,Kayla,Jones,F,6033 Young Track Suite 804,East Canaan,CT,6024,42.0158,-73.2913,647,Comptroller,1987-09-26,d066205ad81a53cf64c4d908dc518699,1379431316,42.650337,-72.901629,1,15,59.599611650485436,229.83382082015723,13.791909385113268,42.0158,-73.2913,8.0,286.0,2020-06-21 09:13:08,6.19,41.548534,-74.144109,0,0,3.6418068573234934,3.6418068573234934,1.208090614886732,0.7446346034196958,2020-09-17 04:02:10,346.12,41.321631,-73.10114200000001,2020-09-17 04:02:10,346.12,41.321631,-73.10114200000001,40786.0,0,2.590459948600312,1.2782803136808734,1.3436015300694677,0.8516888615597067,0,0,0,1,0.6504579276157664,0.1786267612347925,0.5089085777014742,VERIFY,0
151261,2020-08-12 22:45:10,343746486082492,fraud_Adams-Barrows,health_fitness,19.31,Jeffrey,Munoz,M,836 Stephanie Union,Cedar,MI,49621,44.8605,-85.8138,3096,"Social research officer, government",1975-10-11,4629287755496b98e8cc42da69e470f8,1376347510,45.525203000000005,-86.076074,1,22,61.60338311688312,182.97389995399783,14.116233766233766,44.8605,-85.8138,0.0,96.0,2020-06-21 09:51:03,45.06,44.907102,-85.867221,1,0,-0.2311443484364268,0.2311443484364268,7.883766233766234,0.7145752089773382,2020-08-12 22:30:22,1032.31,45.603190000000005,-86.027412,2020-08-12 22:30:22,1032.31,45.603190000000005,-86.027412,888.0,0,0.01870562135530449,0.018532822764266228,0.09192367710770033,0.08794098212158445,0,0,0,1,0.5212528321548981,0.2133554381423734,0.4288836139511407,VERIFY,0
137935,2020-08-08 22:02:12,343819048608995,fraud_Kovacek Ltd,travel,10.45,Shelby,Cannon,F,1535 Ryan Burgs Suite 919,Des Moines,IA,50312,41.5855,-93.6719,222785,Wellsite geologist,1956-01-24,873e753bf1a897daf144b2fe9b039fd2,1375999332,41.593729,-94.291725,1,22,61.77947368421053,97.99200291091545,10.413397129186603,41.5855,-93.6719,1.0,34.0,2020-06-21 09:57:38,21.25,42.005909,-94.052891,0,0,-0.5238128789658609,0.5238128789658609,11.586602870813397,0.6198796230446741,2020-08-08 00:19:16,9.46,42.241052,-93.266219,2020-08-08 00:19:16,9.46,42.241052,-93.266219,78176.0,0,1.1046510460199739,0.7441496795300941,1.2127199274214082,0.794222495184239,0,0,0,0,0.6142979093692359,0.1908022618061572,0.4872492151003122,VERIFY,0
291377,2020-10-08 18:25:09,344342339068828,"fraud_Zemlak, Tillman and Cremin",personal_care,21.19,Ruth,Fuller,F,37732 Joe Courts Apt. 752,Darien,GA,31305,31.3826,-81.4312,5989,Tax adviser,1967-05-05,5a2cdf7183f5605dd1772c5bc4476b98,1381256709,32.293957,-81.396651,1,18,63.35116187989556,96.34654768137143,10.527415143603132,31.3826,-81.4312,2.0,122.0,2020-06-21 11:41:52,3.59,30.396833,-82.23563,0,0,-0.43759908846685447,0.43759908846685447,7.4725848563968675,0.9120116308742985,2020-10-07 23:31:07,1113.91,30.655461,-82.152335,2020-10-07 23:31:07,1113.91,30.655461,-82.152335,68042.0,0,0.019023080842237628,0.018844404467128942,1.8043634472777323,1.031176578204161,0,0,0,1,0.1986600418181143,0.2333265664964841,0.2090599992216252,APPROVE,0
291704,2020-10-08 22:12:06,344342339068828,fraud_Halvorson Group,misc_pos,9.3,Ruth,Fuller,F,37732 Joe Courts Apt. 752,Darien,GA,31305,31.3826,-81.4312,5989,Tax adviser,1967-05-05,295fdf1dfda48346afce9c36563e4702,1381270326,32.118931,-81.252988,1,22,63.35116187989556,96.34654768137143,10.527415143603132,31.3826,-81.4312,3.0,98.0,2020-06-21 11:41:52,3.59,30.396833,-82.23563,0,0,-0.5610077643637102,0.5610077643637102,11.472584856396868,0.7575901652641788,2020-10-08 18:25:09,21.19,32.293957,-81.396651,2020-10-08 18:25:09,21.19,32.293957,-81.396651,13617.0,0,0.43888624639517476,0.36386937432552313,0.22643577068343126,0.20411221537404498,0,0,0,0,0.4727817049199403,0.1430206028452382,0.3738533742975297,VERIFY,0
291714,2020-10-08 22:19:46,344342339068828,fraud_Halvorson Group,misc_pos,7.24,Ruth,Fuller,F,37732 Joe Courts Apt. 752,Darien,GA,31305,31.3826,-81.4312,5989,Tax adviser,1967-05-05,011209c0640ccd17b27aea938fa50d5a,1381270786,31.233161,-81.222616,1,22,63.35116187989556,96.34654768137143,10.527415143603132,31.3826,-81.4312,3.0,98.0,2020-06-21 11:41:52,3.59,30.396833,-82.23563,0,0,-0.5823889142667819,0.5823889142667819,11.472584856396868,0.2565916985738258,2020-10-08 22:12:06,9.3,32.118931,-81.252988,2020-10-08 22:12:06,9.3,32.118931,-81.252988,460.0,0,0.7784945399468237,0.5757672423689494,0.8862905569191222,0.6346122322175435,0,0,0,0,0.3201089886197708,0.4074879030656281,0.346322662953528,VERIFY,0
353428,2020-11-04 16:26:02,370612217861404,"fraud_Hyatt, Russel and Gleichner",health_fitness,18.44,Amanda,Fitzgerald,F,298 Kayla Lights,Bristol,PA,19007,40.1159,-74.8536,21125,"Administrator, charities/voluntary organisations",1985-05-25,ce7df6f7540f1a4594171f28af7b215a,1383582362,39.150117,-75.662025,1,16,87.08407407407407,131.0936755450259,13.976190476190476,40.1159,-74.8536,3.0,101.0,2020-06-20 07:49:16,190.85,39.656536,-74.977401,0,0,-0.5236261266232574,0.5236261266232574,2.0238095238095237,1.2594791716078528,2020-11-04 02:36:00,747.84,39.612612,-74.635901,2020-11-04 02:36:00,747.84,39.612612,-74.635901,49802.0,0,0.024657680754362324,0.02435858681422873,1.1255363558770497,0.7540241732938315,0,0,0,1,0.1583630366366652,0.1781513999217159,0.1642995456221804,APPROVE,0
354117,2020-11-05 01:21:38,370612217861404,fraud_McDermott-Rice,misc_pos,10.41,Amanda,Fitzgerald,F,298 Kayla Lights,Bristol,PA,19007,40.1159,-74.8536,21125,"Administrator, charities/voluntary organisations",1985-05-25,1c14db41170e0663a699791af675e811,1383614498,40.396376,-74.427199,1,1,87.08407407407407,131.0936755450259,13.976190476190476,40.1159,-74.8536,1.0,91.0,2020-06-20 07:49:16,190.85,39.656536,-74.977401,0,0,-0.58488003460441,0.58488003460441,11.023809523809524,0.5103769189305045,2020-11-05 00:19:37,329.17,39.387983,-75.521919,2020-11-05 00:19:37,329.17,39.387983,-75.521919,3721.0,0,0.031624996106495135,0.031135225156563792,1.488377748036091,0.911630991341013,0,0,0,0,0.2510107453632072,0.4281729829326759,0.3041594166340478,APPROVE,0
355331,2020-11-05 20:02:19,370612217861404,fraud_Crooks and Sons,personal_care,20.83,Amanda,Fitzgerald,F,298 Kayla Lights,Bristol,PA,19007,40.1159,-74.8536,21125,"Administrator, charities/voluntary organisations",1985-05-25,f731153416f2ad16f4474c8383bc5f80,1383681739,40.912411,-75.381242,1,20,87.08407407407407,131.0936755450259,13.976190476190476,40.1159,-74.8536,2.0,130.0,2020-06-20 07:49:16,190.85,39.656536,-74.977401,0,0,-0.5053948887558907,0.5053948887558907,6.023809523809524,0.9554244361983802,2020-11-05 03:30:34,962.8,41.043482,-74.916847,2020-11-05 03:30:34,962.8,41.043482,-74.916847,59505.0,0,0.021634815100088474,0.021404104149338687,0.48253737996760004,0.39375506571527874,0,0,0,1,0.2112007776678349,0.1095216356394866,0.1806970350593304,APPROVE,0
355534,2020-11-05 22:09:09,370612217861404,fraud_Bahringer-Streich,food_dining,137.61,Amanda,Fitzgerald,F,298 Kayla Lights,Bristol,PA,19007,40.1159,-74.8536,21125,"Administrator, charities/voluntary organisations",1985-05-25,7a72981f7bf6182acf1a478c76942e62,1383689349,39.374199,-75.709352,1,22,87.08407407407407,131.0936755450259,13.976190476190476,40.1159,-74.8536,4.0,123.0,2020-06-20 07:49:16,190.85,39.656536,-74.977401,0,0,0.3854184828554422,0.3854184828554422,8.023809523809524,1.132445079862596,2020-11-05 20:02:19,20.83,40.912411,-75.381242,2020-11-05 20:02:19,20.83,40.912411,-75.381242,7610.0,0,6.606336696767322,2.0289816757846926,1.5728166864081783,0.9450012856811743,0,0,0,2,0.3584871972996413,0.0827106787572292,0.2757542417369176,APPROVE,0
350057,2020-11-03 06:33:46,371985236239474,"fraud_Reilly, Heaney and Cole",gas_transport,20.49,Benjamin,Martin,M,0495 Baker Manors,Oriskany Falls,NY,13425,42.9576,-75.4838,1970,"Programmer, multimedia",1949-06-09,72409d131d6fd9bd465c0350a2353334,1383460426,43.497458,-75.224414,1,6,64.53339603960396,110.19931956576124,11.447524752475248,42.9576,-75.4838,2.0,134.0,2020-06-21 08:48:22,6.13,43.515646,-76.43104100000001,0,0,-0.3996703048030241,0.3996703048030241,5.447524752475248,0.598938859283655,2020-11-03 00:12:16,286.85,43.16803,-76.43943399999999,2020-11-03 00:12:16,286.85,43.16803,-76.43943399999999,22890.0,0,0.07143106128139771,0.06899519534688915,1.258886971727005,0.8148722015846912,0,0,0,0,0.5761053249072944,0.0457940405152421,0.4170119395896787,VERIFY,0
354011,2020-11-04 23:38:51,371985236239474,fraud_Spencer-Runolfsson,misc_pos,50.37,Benjamin,Martin,M,0495 Baker Manors,Oriskany Falls,NY,13425,42.9576,-75.4838,1970,"Programmer, multimedia",1949-06-09,b646873eaa7d6a33c74910b668f738ce,1383608331,43.228994,-74.89981999999999,1,23,64.53339603960396,110.19931956576124,11.447524752475248,42.9576,-75.4838,1.0,43.0,2020-06-21 08:48:22,6.13,43.515646,-76.43104100000001,0,0,-0.12852525738715403,0.12852525738715403,11.552475247524752,0.6439622222118416,2020-11-04 01:25:47,14.0,42.737673,-75.78643199999999,2020-11-04 01:25:47,14.0,42.737673,-75.78643199999999,79984.0,0,3.5978568858673654,1.5255903005558842,1.0136454822002603,0.6999467520889707,0,0,0,0,0.3384049917087064,0.0730205791458615,0.2587896679398529,APPROVE,0
499789,2020-12-19 23:34:16,374125201044065,fraud_Terry Ltd,home,212.01,Christopher,Gilbert,M,20937 Reed Lakes Apt. 271,Washington,DC,20012,38.9757,-77.0282,601723,"Optician, dispensing",1970-07-20,147396952f431ae3da3de3019a3c7553,1387496056,38.273559000000006,-77.26272800000001,1,23,67.42867014341591,158.1783949068929,10.066492829204694,38.9757,-77.0282,3.0,135.0,2020-06-21 10:29:03,20.86,39.653984,-76.669199,0,0,0.9140396767058359,0.9140396767058359,11.066492829204694,0.7402738457253517,2020-12-19 23:19:17,1121.05,39.934793,-77.653351,2020-12-19 23:19:17,1121.05,39.934793,-77.653351,899.0,0,0.18911734517718445,0.17321130516619826,1.7065417460129624,0.9956717114895207,0,0,0,0,0.1296536644711934,0.4675387039118219,0.231019176303382,APPROVE,0
135054,2020-08-07 17:51:43,375082648741747,fraud_Beer-Jast,kids_pets,17.4,Shannon,Bell,F,2918 David Spurs,Georgetown,MN,56546,47.0999,-96.727,346,"Research officer, trade union",1976-12-14,5a11ae49aef235d54df952d5ee2d0705,1375897903,46.617234,-97.660782,1,17,52.4911083984375,106.39809418135506,13.61572265625,47.0999,-96.727,3.0,178.0,2020-06-21 08:18:57,68.81,46.535044,-96.885238,0,0,-0.3298095547540101,0.3298095547540101,3.38427734375,1.0511495093848369,2020-08-07 03:56:09,778.4,48.016888,-96.653005,2020-08-07 03:56:09,778.4,48.016888,-96.653005,50134.0,0,0.0223535457061234,0.022107367092943555,1.7247161509781845,1.0023642579110321,0,0,0,1,0.1162448441127136,0.1356786788261493,0.1220749945267443,APPROVE,0
135551,2020-08-07 22:02:43,375082648741747,"fraud_Weber, Thiel and Hammes",kids_pets,21.22,Shannon,Bell,F,2918 David Spurs,Georgetown,MN,56546,47.0999,-96.727,346,"Research officer, trade union",1976-12-14,19cc7bc8eb934c78de48fc8bc4fe8d91,1375912963,48.057439,-97.168901,1,22,52.4911083984375,106.39809418135506,13.61572265625,47.0999,-96.727,6.0,178.0,2020-06-21 08:18:57,68.81,46.535044,-96.885238,0,0,-0.2939066563657558,0.2939066563657558,8.38427734375,1.0545887493814872,2020-08-07 17:51:43,17.4,46.617234,-97.660782,2020-08-07 17:51:43,17.4,46.617234,-97.660782,15060.0,0,1.2195401597965425,0.7973000392019415,1.5218861193223328,0.9250070816153367,0,0,0,1,0.5089538892722303,0.1421249595105267,0.3989052103437192,VERIFY,0
135555,2020-08-07 22:06:15,375082648741747,fraud_Erdman-Schaden,personal_care,20.96,Shannon,Bell,F,2918 David Spurs,Georgetown,MN,56546,47.0999,-96.727,346,"Research officer, trade union",1976-12-14,cf197cde737709efaf86c1066b908b62,1375913175,47.485983,-97.511415,1,22,52.4911083984375,106.39809418135506,13.61572265625,47.0999,-96.727,3.0,166.0,2020-06-21 08:18:57,68.81,46.535044,-96.885238,0,0,-0.2963503091356369,0.2963503091356369,8.38427734375,0.8742808330931158,2020-08-07 22:02:43,21.22,48.057439,-97.168901,2020-08-07 22:02:43,21.22,48.057439,-97.168901,212.0,1,0.9877473615576173,0.6870020184473573,0.6662415478878525,0.5105705199624937,0,0,0,2,0.5708956463472735,0.2459704140616769,0.4734180766615945,VERIFY,0
135977,2020-08-08 02:04:52,375082648741747,"fraud_Bernier, Streich and Jewess",grocery_net,8.22,Shannon,Bell,F,2918 David Spurs,Georgetown,MN,56546,47.0999,-96.727,346,"Research officer, trade union",1976-12-14,dd7f4a98118c7435e2e2d41ce2266976,1375927492,46.831307,-96.349532,1,2,52.4911083984375,106.39809418135506,13.61572265625,47.0999,-96.727,1.0,81.0,2020-06-21 08:18:57,68.81,46.535044,-96.885238,0,0,-0.41608929485981494,0.41608929485981494,11.61572265625,0.46327560984040944,2020-08-07 23:18:24,498.78,46.493104,-97.390103,2020-08-07 23:18:24,498.78,46.493104,-97.390103,9988.0,0,0.016480211683547435,0.01634588678762608,1.0941523089817065,0.7391488457066113,0,0,0,0,0.4167943671438982,0.4663708792143504,0.4316673207650339,VERIFY,0
82388,2020-07-20 03:05:54,375534208663984,"fraud_Swift, Bradtke and Marquardt",grocery_net,8.39,Tyler,Garcia,M,408 Bradley Rest,Doe Hill,VA,24433,38.4207,-79.4629,99,Dance movement psychotherapist,1986-03-28,c2a4a1fc199b9e710c6959b9d2f7a4f1,1374289554,38.424982,-79.419165,1,3,95.17809122459097,89.13397152954967,12.110560237977193,38.4207,-79.4629,4.0,96.0,2020-06-21 03:35:31,84.97,37.97598,-79.745603,0,0,-0.9736814007231531,0.9736814007231531,9.110560237977193,0.043944120755794645,2020-07-20 03:05:18,302.77,39.208633,-79.91475,2020-07-20 03:05:18,302.77,39.208633,-79.91475,36.0,1,0.027710803488751188,0.02733380789173052,0.9272073026168365,0.6560719615479771,0,0,0,1,0.3896273427887721,0.5376272707994894,0.4340273211919873,VERIFY,0
85686,2020-07-20 22:11:41,375534208663984,"fraud_Schoen, Nienow and Bauch",personal_care,19.19,Tyler,Garcia,M,408 Bradley Rest,Doe Hill,VA,24433,38.4207,-79.4629,99,Dance movement psychotherapist,1986-03-28,19fb71b43f161428119ae56c102d9cad,1374358301,38.582544,-79.508562,1,22,95.17809122459097,89.13397152954967,12.110560237977193,38.4207,-79.4629,1.0,66.0,2020-06-21 03:35:31,84.97,37.97598,-79.745603,0,0,-0.8525154783087832,0.8525154783087832,9.889439762022807,0.1681621199319277,2020-07-20 22:05:45,920.6,38.831006,-79.108034,2020-07-20 22:05:45,920.6,38.831006,-79.108034,356.0,0,0.020845100998430264,0.020630814644960846,0.47133432320169205,0.3861696919358226,0,0,0,0,0.4452320981462388,0.4912785879016394,0.4590460450728589,VERIFY,0
171976,2020-08-20 14:14:32,375974680629816,fraud_Nolan-Williamson,kids_pets,20.97,Roberta,Mccarthy,F,94431 Matthew Mall Suite 296,Plymouth,CT,6782,41.6611,-73.0449,2376,Herpetologist,1973-04-06,ec457550d031a89280caf94d11bdc852,1377008072,41.525171,-73.62034399999999,1,14,58.33124938271605,130.98407542178666,13.751111111111111,41.6611,-73.0449,7.0,181.0,2020-06-21 08:17:06,51.96,40.89688,-73.189103,0,0,-0.2852350484375499,0.2852350484375499,0.24888888888888872,0.5912803820329134,2020-08-20 11:53:37,347.19,41.035664,-73.379417,2020-08-20 11:53:37,347.19,41.035664,-73.379417,8455.0,0,0.060399204872262434,0.05864544559490272,0.5455849359888852,0.43540243804461737,0,0,0,0,0.2201730246297691,0.029019470000132,0.162826958240878,APPROVE,0
172543,2020-08-20 19:27:24,375974680629816,fraud_Brown Inc,kids_pets,24.16,Roberta,Mccarthy,F,94431 Matthew Mall Suite 296,Plymouth,CT,6782,41.6611,-73.0449,2376,Herpetologist,1973-04-06,605c7d630191f140e69e5ea3bc39cbca,1377026844,42.305035,-72.056275,1,19,58.33124938271605,130.98407542178666,13.751111111111111,41.6611,-73.0449,5.0,181.0,2020-06-21 08:17:06,51.96,40.89688,-73.189103,0,0,-0.2608809430596736,0.2608809430596736,5.248888888888889,1.1798439196987018,2020-08-20 14:14:32,20.97,41.525171,-73.62034399999999,2020-08-20 14:14:32,20.97,41.525171,-73.62034399999999,18772.0,0,1.1521220242192645,0.7664543433961196,1.747712703866674,1.0107688215389974,0,0,0,1,0.121966574594487,0.0159460577558194,0.0901604195428867,APPROVE,0
172868,2020-08-20 22:31:56,375974680629816,fraud_Kuhn Group,food_dining,136.55,Roberta,Mccarthy,F,94431 Matthew Mall Suite 296,Plymouth,CT,6782,41.6611,-73.0449,2376,Herpetologist,1973-04-06,9766b94b74a48486590eeab085417c16,1377037916,41.360240000000005,-72.904444,1,22,58.33124938271605,130.98407542178666,13.751111111111111,41.6611,-73.0449,1.0,140.0,2020-06-21 08:17:06,51.96,40.89688,-73.189103,0,0,0.5971622868524024,0.5971622868524024,8.248888888888889,0.33203106411297706,2020-08-20 19:27:24,24.16,42.305035,-72.056275,2020-08-20 19:27:24,24.16,42.305035,-72.056275,11072.0,0,5.6519037395735205,1.8949030903260249,1.2696567428190906,0.8196286054420877,0,0,0,1,0.5222136087036228,0.1413045121722513,0.4079408797442113,VERIFY,0
174773,2020-08-21 18:40:20,375974680629816,fraud_Renner Ltd,home,269.53,Roberta,Mccarthy,F,94431 Matthew Mall Suite 296,Plymouth,CT,6782,41.6611,-73.0449,2376,Herpetologist,1973-04-06,d315a7b702261526500cff4f7589fe4c,1377110420,42.278074,-73.657306,1,18,58.33124938271605,130.98407542178666,13.751111111111111,41.6611,-73.0449,5.0,186.0,2020-06-21 08:17:06,51.96,40.89688,-73.189103,0,0,1.6124001969307706,1.6124001969307706,4.248888888888889,0.8693089355988511,2020-08-21 07:19:42,832.92,41.409829,-72.356675,2020-08-21 07:19:42,832.92,41.409829,-72.356675,40838.0,0,0.323596503477409,0.28035265538565146,1.5638063749026017,0.9414930193982282,0,0,0,1,0.3622069610841427,0.4885086277204827,0.4000974610750447,VERIFY,0
175284,2020-08-21 23:09:19,375974680629816,fraud_Lubowitz-Walter,kids_pets,16.69,Roberta,Mccarthy,F,94431 Matthew Mall Suite 296,Plymouth,CT,6782,41.6611,-73.0449,2376,Herpetologist,1973-04-06,2eca768120ca98ce6d84990c520ab18d,1377126559,42.418562,-72.498537,1,23,58.33124938271605,130.98407542178666,13.751111111111111,41.6611,-73.0449,4.0,181.0,2020-06-21 08:17:06,51.96,40.89688,-73.189103,0,0,-0.3179107760291834,0.3179107760291834,9.248888888888889,0.9339492540887889,2020-08-21 18:40:20,269.53,42.278074,-73.657306,2020-08-21 18:40:20,269.53,42.278074,-73.657306,16139.0,0,0.06192260578814009,0.06008104425846312,1.1672542454431325,0.7734610416725877,0,0,0,1,0.516668845063146,0.3054927383483969,0.4533160130487212,VERIFY,0
175344,2020-08-21 23:34:18,375974680629816,fraud_Waters-Cruickshank,health_fitness,16.52,Roberta,Mccarthy,F,94431 Matthew Mall Suite 296,Plymouth,CT,6782,41.6611,-73.0449,2376,Herpetologist,1973-04-06,d2b3b4d1c86329e590844da8f31a1e47,1377128058,40.884856,-73.388254,1,23,58.33124938271605,130.98407542178666,13.751111111111111,41.6611,-73.0449,2.0,104.0,2020-06-21 08:17:06,51.96,40.89688,-73.189103,0,0,-0.3192086437138978,0.3192086437138978,9.248888888888889,0.8487913270362751,2020-08-21 23:09:19,16.69,42.418562,-72.498537,2020-08-21 23:09:19,16.69,42.418562,-72.498537,1499.0,0,0.9898142007301256,0.6880412679102076,1.7730906447570622,1.01996245443587,0,0,0,1,0.4863977045005906,0.4164464537100536,0.4654123292634295,VERIFY,0
135742,2020-08-07 23:26:47,376445266762684,"fraud_Lakin, Ferry and Beatty",food_dining,127.17,Rachel,Lowe,F,372 Jeffrey Course,Sutherland,NE,69165,41.1558,-101.136,1789,Insurance broker,1982-02-11,c9d60e46517a66d3fc31737736dd4e2f,1375918007,41.550923,-100.194191,1,23,55.474426657954915,119.0810911767936,13.896439072198628,41.1558,-101.136,3.0,190.0,2020-06-21 07:51:23,66.69,41.901457,-100.494618,0,0,0.6020735284792513,0.6020735284792513,9.103560927801372,1.0213355852069308,2020-08-07 23:23:52,1079.08,41.779142,-100.942277,2020-08-07 23:23:52,1079.08,41.779142,-100.942277,175.0,1,0.11785039096466397,0.11140754732105204,0.782123120331449,0.5778054177570271,0,0,0,2,0.5013081631403873,0.2292298797710427,0.4196846781295839,VERIFY,0
135761,2020-08-07 23:37:15,376445266762684,fraud_Swift PLC,kids_pets,22.62,Rachel,Lowe,F,372 Jeffrey Course,Sutherland,NE,69165,41.1558,-101.136,1789,Insurance broker,1982-02-11,18af4df0c5afda3d524cff8bb6ef5f92,1375918635,40.457291,-101.045061,1,23,55.474426657954915,119.0810911767936,13.896439072198628,41.1558,-101.136,7.0,266.0,2020-06-21 07:51:23,66.69,41.901457,-100.494618,0,0,-0.27589960805177727,0.27589960805177727,9.103560927801372,0.7044038080547268,2020-08-07 23:26:47,127.17,41.550923,-100.194191,2020-08-07 23:26:47,127.17,41.550923,-100.194191,628.0,0,0.17787213825688342,0.16370953796049545,1.3856445100833041,0.8694693226692151,0,0,0,0,0.5472607754387713,0.2073897677939628,0.4452994731453287,VERIFY,0
137758,2020-08-08 20:29:23,376445266762684,fraud_Barton LLC,kids_pets,20.67,Rachel,Lowe,F,372 Jeffrey Course,Sutherland,NE,69165,41.1558,-101.136,1789,Insurance broker,1982-02-11,c0df88b80a8e6b48edf5a7c5826dfb20,1375993763,41.015482,-102.118026,1,20,55.474426657954915,119.0810911767936,13.896439072198628,41.1558,-101.136,2.0,266.0,2020-06-21 07:51:23,66.69,41.901457,-100.494618,0,0,-0.2922750037116099,0.2922750037116099,6.103560927801372,0.992000103729838,2020-08-08 02:13:59,1051.31,42.080129,-101.566291,2020-08-08 02:13:59,1051.31,42.080129,-101.566291,65724.0,0,0.019661184598585398,0.019470400152682178,1.1991183197808275,0.7880565163010345,0,0,0,1,0.1674972131078231,0.131763862238022,0.1567772078468828,APPROVE,0
137994,2020-08-08 22:29:41,376445266762684,"fraud_Hagenes, Hermann and Stroman",travel,10.62,Rachel,Lowe,F,372 Jeffrey Course,Sutherland,NE,69165,41.1558,-101.136,1789,Insurance broker,1982-02-11,844be598e478cbf1ec433e87b419fa8c,1376000981,40.66627,-101.860761,1,22,55.474426657954915,119.0810911767936,13.896439072198628,41.1558,-101.136,2.0,79.0,2020-06-21 07:51:23,66.69,41.901457,-100.494618,0,0,-0.37667127365074754,0.37667127365074754,8.103560927801372,0.8745959798792831,2020-08-08 20:29:23,20.67,41.015482,-102.118026,2020-08-08 20:29:23,20.67,41.015482,-102.118026,7218.0,0,0.5137880738370548,0.41461516756691313,0.4337445113992833,0.36028956131063444,0,0,0,1,0.4995979072393137,0.1711316025865569,0.4010580158434866,VERIFY,0
138152,2020-08-08 23:41:56,376445266762684,"fraud_Swaniawski, Nitzsche and Welch",health_fitness,22.93,Rachel,Lowe,F,372 Jeffrey Course,Sutherland,NE,69165,41.1558,-101.136,1789,Insurance broker,1982-02-11,51e8bfa7fa6deacc3cc6eed911b20dfd,1376005316,42.016051,-101.568851,1,23,55.474426657954915,119.0810911767936,13.896439072198628,41.1558,-101.136,7.0,173.0,2020-06-21 07:51:23,66.69,41.901457,-100.494618,0,0,-0.2732963400238039,0.2732963400238039,9.103560927801372,0.9630118229814192,2020-08-08 23:08:58,510.36,41.880136,-100.329785,2020-08-08 23:08:58,510.36,41.880136,-100.329785,1978.0,0,0.04492906958827285,0.04394900712101153,1.2464980704281032,0.8093725906040956,0,0,0,1,0.5416088648938987,0.3501684129812405,0.4841767293201012,VERIFY,0
138172,2020-08-08 23:50:18,376445266762684,fraud_Crona and Sons,kids_pets,18.74,Rachel,Lowe,F,372 Jeffrey Course,Sutherland,NE,69165,41.1558,-101.136,1789,Insurance broker,1982-02-11,fe9a85156e35e083ab59bdc74d97bb68,1376005818,42.010375,-101.381529,1,23,55.474426657954915,119.0810911767936,13.896439072198628,41.1558,-101.136,2.0,266.0,2020-06-21 07:51:23,66.69,41.901457,-100.494618,0,0,-0.3084824465954443,0.3084824465954443,9.103560927801372,0.8891472996450078,2020-08-08 23:41:56,22.93,42.016051,-101.568851,2020-08-08 23:41:56,22.93,42.016051,-101.568851,502.0,0,0.8172699163859608,0.5973353289516398,0.18740797384315838,0.17177275821268695,0,0,0,1,0.6074911035348793,0.236187369811554,0.4960999834178817,VERIFY,0
229655,2020-09-11 22:17:45,376656886990758,fraud_Connelly-Carter,home,237.39,Richard,Vance,M,169 Shelia Knoll Suite 753,Zavalla,TX,75980,31.1569,-94.3871,2836,"Designer, jewellery",1985-12-03,d21aebb70ab6b843a8306f78756c7fe2,1378937865,31.290894,-93.681368,1,22,70.23871828236825,260.89725868292487,13.810670136629799,31.1569,-94.3871,3.0,139.0,2020-06-21 05:52:29,62.89,31.179433000000003,-93.806627,0,0,0.6406785641243413,0.6406785641243413,8.189329863370201,0.7183397857977775,2020-09-11 20:14:39,1144.18,30.507772,-94.02331,2020-09-11 20:14:39,1144.18,30.507772,-94.02331,7386.0,0,0.20747609623706398,0.18853231027168013,0.8545199811870966,0.6176258923230568,0,0,0,0,0.3651903535318153,0.1079422511854388,0.2880159228279024,APPROVE,0
473010,2020-12-13 22:25:33,377550167323848,fraud_Schimmel-Olson,kids_pets,21.89,Kevin,Walters,M,87227 Tapia Burgs,Auburn,ME,4210,44.0948,-70.23899999999999,23045,Tourist information centre manager,1958-09-02,6197e4c8d5863c251f6347b32df062bd,1386973533,44.122173,-69.422064,1,22,66.37372586872586,98.62522141005208,10.275096525096526,44.0948,-70.23899999999999,1.0,111.0,2020-06-21 05:39:16,71.49,44.753436,-70.99635,0,0,-0.4510380284241771,0.4510380284241771,11.724903474903474,0.8173944636618075,2020-12-13 22:09:23,949.49,44.947379,-70.018025,2020-12-13 22:09:23,949.49,44.947379,-70.018025,970.0,0,0.023054481855465058,0.022792742497102288,1.0179068994544582,0.7020607858099072,0,0,0,1,0.3807956539672867,0.599159282132325,0.4463047424167982,VERIFY,0
417140,2020-12-01 04:45:45,377834944388609,fraud_Kutch LLC,gas_transport,8.47,Michael,Jackson,M,539 Underwood Divide,Pea Ridge,AR,72751,36.4539,-94.118,6434,Product designer,1967-08-28,5b16c6d896078323abf6f72c8b96119b,1385873145,35.45674,-94.451817,1,4,71.6198585858586,188.77089823815498,10.381818181818181,36.4539,-94.118,4.0,49.0,2020-06-21 03:53:24,88.21,35.587091,-94.380357,0,0,-0.3345317463693818,0.3345317463693818,6.381818181818181,1.051552117153018,2020-12-01 04:08:15,313.62,37.218067,-94.169715,2020-12-01 04:08:15,313.62,37.218067,-94.169715,2250.0,0,0.027007206086961274,0.026648947559546925,1.783775305169624,1.023808029865007,0,0,0,1,0.6917401311318582,0.0512390848158139,0.4995898172370449,VERIFY,0
378097,2020-11-15 23:04:12,378006354724784,fraud_Schuppe-Schuppe,food_dining,117.23,Christopher,Matthews,M,433 John Heights Apt. 849,Etlan,VA,22719,38.5095,-78.2638,395,Senior tax professional/tax inspector,1982-01-07,b4eb50dc11e9e235b4c89a532391e41f,1384556652,39.01111,-77.90419,1,23,89.76749027237354,77.77153914824021,12.568093385214008,38.5095,-78.2638,0.0,45.0,2020-06-21 09:31:33,99.84,39.024384000000005,-77.572385,1,0,0.353117730152704,0.353117730152704,10.431906614785992,0.6171968439647127,2020-11-15 21:00:42,294.02,37.764211,-77.80959,2020-11-15 21:00:42,294.02,37.764211,-77.80959,7410.0,0,0.39871437181581404,0.3355535088742433,1.250482417389784,0.8111446009630695,0,0,0,1,0.371238322812415,0.1825592973917302,0.3146346151862095,VERIFY,0
314178,2020-10-18 22:36:45,378904938837132,"fraud_Dare, Fritsch and Zboncak",health_fitness,21.79,Tina,Zimmerman,F,3595 Susan Island Suite 063,Thomas,OK,73669,35.7382,-98.7388,1675,Barrister,1986-05-01,ba9596d087e1598e689a54dd0b4e02a5,1382135805,35.804867,-99.090651,1,22,51.9048990228013,91.64600283179406,13.579804560260586,35.7382,-98.7388,5.0,79.0,2020-06-21 09:13:23,96.75,36.060876,-98.945954,0,0,-0.32860024184004594,0.32860024184004594,8.420195439739414,0.3581111769967502,2020-10-18 01:22:44,10.95,35.339040999999995,-99.171111,2020-10-18 01:22:44,10.95,35.339040999999995,-99.171111,76441.0,0,1.9899541561685703,1.0952580548999593,0.47272367602649945,0.3871135272327569,0,0,0,0,0.4650435397974757,0.1267014716005774,0.3635409193384062,VERIFY,0
100774,2020-07-26 17:35:56,2222157926772399,fraud_Bernhard-Lesch,food_dining,107.32,Amy,Garrett,F,6014 Thomas Throughway,Trenton,TX,75490,33.4235,-96.3398,2211,"Investment banker, operational",1987-02-26,5b7a55af6e8af9c9960fd16d9ad636cf,1374860156,33.22014,-95.609069,1,17,54.26894117647059,117.53199151351129,14.223529411764705,33.4235,-96.3398,0.0,25.0,2020-06-20 04:37:45,46.76,34.193601,-96.479787,1,0,0.451375473936858,0.451375473936858,2.776470588235295,0.7585005497433646,2020-07-26 00:22:28,343.03,32.677671000000004,-96.458398,2020-07-26 00:22:28,343.03,32.677671000000004,-96.458398,62008.0,0,0.3128589327089207,0.2722071506369727,1.0077858731903282,0.6970325592859625,0,0,0,1,0.1412657308450388,0.0278667856360575,0.1072460472823444,APPROVE,0
101614,2020-07-26 22:21:22,2222157926772399,"fraud_Armstrong, Walter and Gottlieb",food_dining,119.77,Amy,Garrett,F,6014 Thomas Throughway,Trenton,TX,75490,33.4235,-96.3398,2211,"Investment banker, operational",1987-02-26,38d43eea78aa7d775613d31381eb1fe7,1374877282,33.483503000000006,-96.510735,1,22,54.26894117647059,117.53199151351129,14.223529411764705,33.4235,-96.3398,2.0,25.0,2020-06-20 04:37:45,46.76,34.193601,-96.479787,0,0,0.5573040788532494,0.5573040788532494,7.776470588235295,0.1811605206274289,2020-07-26 17:35:56,107.32,33.22014,-95.609069,2020-07-26 17:35:56,107.32,33.22014,-95.609069,17126.0,0,1.1160081893774862,0.7495313842047671,0.9393410697531476,0.6623482606130731,0,0,0,0,0.6246181981277746,0.0894140689158479,0.4640569593641966,VERIFY,0
353359,2020-11-04 15:39:16,2229378226512508,fraud_Osinski Inc,personal_care,22.66,Thomas,Hale,M,949 Smith Parkway,Cazenovia,WI,53924,43.4987,-90.2796,1360,Occupational hygienist,1984-11-06,8ce52c325d4dbfc8dd130c903a02c08a,1383579556,43.153626,-90.564225,1,15,90.36952072538861,76.226838695788,12.031088082901555,43.49869999999999,-90.2796,0.0,48.0,2020-06-21 07:11:01,126.92,44.201271000000006,-90.878402,1,0,-0.8882635170972459,0.8882635170972459,2.9689119170984455,0.4473113637065214,2020-11-04 01:56:18,8.74,44.450123,-90.636791,2020-11-04 01:56:18,8.74,44.450123,-90.636791,49378.0,0,2.5926770488927864,1.2788976206774274,1.2985262012624115,0.8322681354867145,0,0,0,1,0.1858030015200043,0.0597994027819507,0.1480019218985882,APPROVE,0
354010,2020-11-04 23:38:46,2229378226512508,fraud_O'Hara-Wilderman,food_dining,100.46,Thomas,Hale,M,949 Smith Parkway,Cazenovia,WI,53924,43.4987,-90.2796,1360,Occupational hygienist,1984-11-06,6b4fe7b7c411e2c3190e9e53af0819cf,1383608326,44.49063,-89.744465,1,23,90.36952072538861,76.226838695788,12.031088082901555,43.49869999999999,-90.2796,5.0,143.0,2020-06-21 07:11:01,126.92,44.201271000000006,-90.878402,0,0,0.13237436203417657,0.13237436203417657,10.968911917098445,1.1270734639432418,2020-11-04 23:36:09,949.68,43.774875,-90.727092,2020-11-04 23:36:09,949.68,43.774875,-90.727092,157.0,1,0.10578300047828426,0.10055368175079271,1.2156730815289076,0.7955562316160777,0,0,0,2,0.0546572035630007,0.1644020310991508,0.0875806518238457,APPROVE,0
355523,2020-11-05 22:02:01,2229378226512508,fraud_Bruen-Yost,misc_pos,7.39,Thomas,Hale,M,949 Smith Parkway,Cazenovia,WI,53924,43.4987,-90.2796,1360,Occupational hygienist,1984-11-06,fa701c9420225f7662269f2be3423c00,1383688921,43.539389,-90.296068,1,22,90.36952072538861,76.226838695788,12.031088082901555,43.49869999999999,-90.2796,4.0,124.0,2020-06-21 07:11:01,126.92,44.201271000000006,-90.878402,0,0,-1.0885866586696986,1.0885866586696986,9.968911917098445,0.04389521323562194,2020-11-05 05:26:11,316.34,42.696423,-90.933113,2020-11-05 05:26:11,316.34,42.696423,-90.933113,59750.0,0,0.023360940686094265,0.02309225043624742,1.0566068375611601,0.7210574584992285,0,0,0,0,0.3291591494127391,0.3513094883101976,0.3358042510819766,VERIFY,0
153066,2020-08-13 20:21:28,2235613922823698,fraud_Reilly and Sons,health_fitness,22.55,Melissa,Mcclure,F,2027 Snyder Track,Manville,WY,82227,42.73,-104.7024,241,Educational psychologist,1980-12-16,eccfc9201c7a5e0a8487f8e2b510ef7b,1376425288,42.641556,-104.961137,1,20,59.83058412381428,177.5128843926066,13.934598102845731,42.73,-104.7024,2.0,117.0,2020-06-20 19:05:54,7.89,41.84089,-104.062154,0,0,-0.2100162139855962,0.2100162139855962,6.065401897154269,0.27343587238143674,2020-08-13 00:10:05,1025.76,41.953063,-104.296483,2020-08-13 00:10:05,1025.76,41.953063,-104.296483,72683.0,0,0.021983699869381042,0.02174554240714112,0.9569678943230018,0.6713962827213705,0,0,0,0,0.1882352025131346,0.136745111041665,0.1727881750716937,APPROVE,0
154719,2020-08-14 15:35:43,2254799658404120,"fraud_Turcotte, Batz and Buckridge",health_fitness,21.42,Barbara,Nelson,F,7337 Browning Falls Suite 027,Valdosta,GA,31605,30.946,-83.2474,94325,Educational psychologist,1987-09-08,472bc25be83aa43cde3c098bca09ba6f,1376494543,30.013122,-83.39478000000001,1,15,80.25257555847568,100.77334004247416,14.259526938239159,30.946000000000005,-83.2474,3.0,104.0,2020-06-20 18:21:54,40.16,31.375357,-83.366304,0,0,-0.5838109062363905,0.5838109062363905,0.7404730617608415,0.9444481072478331,2020-08-13 00:28:16,821.13,30.073869,-83.130465,2020-08-13 00:28:16,821.13,30.073869,-83.130465,140847.0,0,0.02608600340252335,0.02575156721461197,0.27120585766905086,0.2399659442135873,0,0,0,1,0.1871718082231976,0.0604392812902625,0.1491520501433171,APPROVE,0
261735,2020-09-25 23:07:54,2286236465059468,fraud_Eichmann-Russel,misc_pos,49.16,Morgan,Murray,F,2788 Brittney Island,Blairstown,MO,64726,38.5319,-93.9221,467,Agricultural consultant,1950-05-27,5d23b120b11c9f3c87516787e84eb4d9,1380150474,39.464529,-94.608105,1,23,71.39896893588896,281.8976613176203,11.366159947124917,38.5319,-93.9221,2.0,57.0,2020-06-21 10:51:33,100.29,38.911642,-93.771229,0,0,-0.07889022119960622,0.07889022119960622,11.633840052875083,1.157756326549758,2020-09-25 22:09:30,911.81,38.307229,-94.022198,2020-09-25 22:09:30,911.81,38.307229,-94.022198,3504.0,0,0.053914740950510805,0.05251155590852785,1.2971624041148389,0.8316746239132756,0,0,0,1,0.3391207143531535,0.2928409563403211,0.3252367869493038,VERIFY,0
284389,2020-10-05 16:13:03,2297447006766555,fraud_Daugherty-Thompson,food_dining,149.53,Laura,Walker,F,611 Michael Rue,Cisco,IL,61830,39.9972,-88.6962,478,Landscape architect,1960-01-13,76aad1df805831a6ef246d6ae1aab6e3,1380989583,40.594495,-88.902517,1,16,59.85282891566265,115.69503084883105,11.703614457831325,39.9972,-88.6962,3.0,114.0,2020-06-21 11:29:52,23.72,40.988227,-87.78271099999999,0,0,0.7751168710641867,0.7751168710641867,4.296385542168675,0.6319240630914466,2020-10-05 14:57:29,1061.02,40.009271000000005,-87.856606,2020-10-05 14:57:29,1061.02,40.009271000000005,-87.856606,4534.0,0,0.14093042530684582,0.13184409207672518,1.1985061326906108,0.7877780991234025,0,0,0,0,0.0691651807338274,0.0295252950200764,0.0572732150197021,APPROVE,0
121836,2020-08-03 01:23:17,2358122155477959,fraud_VonRueden Group,grocery_net,5.6,Mike,Tran,M,17355 Mendoza Bypass Suite 059,Linthicum Heights,MD,21090,39.2092,-76.6681,9784,"Conservator, furniture",1924-10-30,9f8d0f8fbf22e630e6a9b350f74823c7,1375492997,40.04167,-77.21912900000001,1,1,75.71091417910448,162.3482060808416,10.031716417910447,39.2092,-76.6681,0.0,2.0,2020-06-20 11:19:30,109.41,38.677074,-75.679723,1,0,-0.431855179923192,0.431855179923192,9.031716417910447,0.998318215671244,2020-08-02 01:23:36,3.53,39.811529,-75.824566,2020-08-02 01:23:36,3.53,39.811529,-75.824566,86381.0,0,1.5864018168833378,0.950267649904612,1.413425215867474,0.8810469898780247,1,0,0,2,0.1676223872850253,0.142648647827088,0.1601302654476441,APPROVE,0
77563,2020-07-18 15:42:12,2703186189652095,fraud_Kihn-Fritsch,food_dining,110.12,Jennifer,Banks,F,561 Perry Cove,Moravian Falls,NC,28654,36.0788,-81.1781,3495,"Psychologist, counselling",1988-03-09,ad2eb9c5a3618195ab3dfd91249433d7,1374162132,36.974070000000005,-81.273239,1,15,87.39321499013806,126.59622073743606,14.02120315581854,36.0788,-81.1781,3.0,142.0,2020-06-21 06:08:15,60.48,35.376104,-82.162645,0,0,0.17952182693886315,0.17952182693886315,0.9787968441814598,0.9003109475181378,2020-07-18 03:51:48,1097.18,36.763378,-81.221175,2020-07-18 03:51:48,1097.18,36.763378,-81.221175,42624.0,0,0.10036639375456496,0.09564320957517691,0.2170294426109067,0.1964130064908159,0,0,0,1,0.1352205076676347,0.011834464014559,0.098204694571712,APPROVE,0
81469,2020-07-19 21:02:01,2703186189652095,"fraud_Hettinger, McCullough and Fay",home,218.12,Jennifer,Banks,F,561 Perry Cove,Moravian Falls,NC,28654,36.0788,-81.1781,3495,"Psychologist, counselling",1988-03-09,3007437b564425168be435037bf1d958,1374267721,35.411375,-81.649807,1,21,87.39321499013806,126.59622073743606,14.02120315581854,36.0788,-81.1781,3.0,210.0,2020-06-21 06:08:15,60.48,35.376104,-82.162645,0,0,1.0326278558375366,1.0326278558375366,6.97879684418146,0.8172904162377027,2020-07-19 11:12:34,981.45,36.576273,-81.304536,2020-07-19 11:12:34,981.45,36.576273,-81.304536,35367.0,0,0.22224260000790402,0.20068736805690235,1.2149894706724829,0.7952476498390657,0,0,0,1,0.0508276164897796,0.119991497087399,0.0715767806690654,APPROVE,0
81937,2020-07-19 23:35:50,2703186189652095,fraud_Auer LLC,personal_care,16.5,Jennifer,Banks,F,561 Perry Cove,Moravian Falls,NC,28654,36.0788,-81.1781,3495,"Psychologist, counselling",1988-03-09,f352a501c940c19d532cfca12627b1f6,1374276950,36.030888,-80.282022,1,23,87.39321499013806,126.59622073743606,14.02120315581854,36.0788,-81.1781,2.0,158.0,2020-06-21 06:08:15,60.48,35.376104,-82.162645,0,0,-0.5599947140379314,0.5599947140379314,8.97879684418146,0.89735797863952,2020-07-19 23:15:44,17.41,36.305746,-80.929714,2020-07-19 23:15:44,17.41,36.305746,-80.929714,1206.0,0,0.9477311345358337,0.6666651744090228,0.7035992090871118,0.5327431948070764,0,0,0,1,0.5050377092963945,0.3564259172849081,0.4604541716929485,VERIFY,0
212212,2020-09-04 07:14:47,2712209726293386,fraud_Daugherty-Thompson,food_dining,111.17,Jenna,Brooks,F,50872 Alex Plain Suite 088,Baton Rouge,LA,70808,30.4066,-91.1468,378909,"Designer, furniture",1977-02-22,3958e853408772196be95be108d531a5,1378278887,30.87066,-90.774857,1,7,90.43265339425588,176.963975769236,14.01795039164491,30.4066,-91.1468,3.0,217.0,2020-06-21 11:11:31,166.65,31.225403000000004,-92.101872,0,0,0.11718399972885991,0.11718399972885991,7.017950391644909,0.5947211774008062,2020-09-03 21:10:05,6.24,30.002902,-91.549462,2020-09-03 21:10:05,6.24,30.002902,-91.549462,36282.0,0,17.815702273124636,2.9346917485215487,1.163192526020098,0.7715851518032619,0,0,0,1,0.1946029463627587,0.0052617390763417,0.1378005841768336,APPROVE,0
215436,2020-09-05 22:44:28,2712209726293386,fraud_Will Ltd,food_dining,129.72,Jenna,Brooks,F,50872 Alex Plain Suite 088,Baton Rouge,LA,70808,30.4066,-91.1468,378909,"Designer, furniture",1977-02-22,bbc3c2a014feafce23eb79898fd6713e,1378421068,31.164215,-91.536516,1,22,90.43265339425588,176.963975769236,14.01795039164491,30.4066,-91.1468,6.0,217.0,2020-06-21 11:11:31,166.65,31.225403000000004,-92.101872,0,0,0.2220075934266299,0.2220075934266299,7.982049608355091,0.8519736198269299,2020-09-05 22:31:51,20.77,29.666123,-90.172775,2020-09-05 22:31:51,20.77,29.666123,-90.172775,757.0,0,6.245546160541831,1.9803869574092023,2.0258502302848083,1.1071921198533794,0,0,0,2,0.3463858255905795,0.0706085227098647,0.263652634726365,APPROVE,0
215450,2020-09-05 22:54:01,2712209726293386,fraud_Abbott-Steuber,personal_care,17.88,Jenna,Brooks,F,50872 Alex Plain Suite 088,Baton Rouge,LA,70808,30.4066,-91.1468,378909,"Designer, furniture",1977-02-22,33da70bcb2df9ec8ff0208a07a6bc9c9,1378421641,31.403205,-91.077013,1,22,90.43265339425588,176.963975769236,14.01795039164491,30.4066,-91.1468,9.0,253.0,2020-06-21 11:11:31,166.65,31.225403000000004,-92.101872,0,0,-0.4099854372557742,0.4099854372557742,7.982049608355091,0.9990454200855927,2020-09-05 22:44:28,129.72,31.164215,-91.536516,2020-09-05 22:44:28,129.72,31.164215,-91.536516,573.0,0,0.13783533658776337,0.12912762979341116,0.517937474130818,0.4173524884879795,0,0,0,1,0.5222633993570844,0.1002215620325191,0.3956508481597148,VERIFY,0
488657,2020-12-16 22:32:15,2714019737356678,fraud_Mosciski Group,travel,9.27,Christina,Moore,F,542 Finley Ports Apt. 396,West Finley,PA,15377,39.9914,-80.4408,724,Theme park manager,1995-08-30,1468ce0b7d665a8abec31eb17af90823,1387233135,39.653302,-79.81647199999999,1,22,70.83726114649681,64.15872517514467,14.681528662420382,39.99139999999999,-80.4408,0.0,15.0,2020-06-19 17:27:39,116.22,39.534571,-80.286438,1,0,-0.9596085336611345,0.9596085336611345,7.318471337579618,0.7099969782949809,2020-12-16 02:02:52,291.1,39.835289,-81.103024,2020-12-16 02:02:52,291.1,39.835289,-81.103024,73763.0,0,0.03184472678857874,0.031348197201150764,1.2993595795133233,0.8326306404726028,0,0,0,1,0.6148311040777242,0.2340925013689525,0.5006095232650927,VERIFY,0
184954,2020-08-24 23:41:55,3501365119557234,fraud_Nader-Maggio,personal_care,53.26,Danielle,Allen,F,87198 Macias Drive Suite 389,Loving,NM,88256,32.274,-104.0914,1925,Educational psychologist,1952-05-26,d37c939e1408ea80998e46fe022c87f9,1377387715,31.862140000000004,-104.36808,1,23,69.81424489795918,170.71022982233103,11.246938775510204,32.274,-104.0914,0.0,43.0,2020-06-21 02:42:44,120.99,32.061199,-103.182658,1,0,-0.09697277555197169,0.09697277555197169,11.753061224489796,0.4961657807628464,2020-08-24 22:43:03,580.52,32.817457,-105.031603,2020-08-24 22:43:03,580.52,32.817457,-105.031603,3532.0,0,0.09174533161347528,0.08777763731620479,1.1631394336097394,0.7715606079583344,0,0,0,1,0.3099273793472654,0.4067505592710596,0.3389743333244036,VERIFY,0
306117,2020-10-14 23:21:33,3501942333500073,fraud_Kozey-McDermott,travel,8.14,Lori,Bishop,F,08056 Alvarado Club Suite 699,Phoenix,AZ,85086,33.8155,-112.1202,1312922,Counselling psychologist,1999-11-30,c5a05b2ef928310324590fdb9222f2c7,1381792893,33.757627,-112.002044,1,23,49.68775341130605,118.5752034795887,15.167641325536062,33.8155,-112.1202,1.0,81.0,2020-06-21 02:08:04,83.2,33.664431,-111.21172,0,0,-0.35039158139050897,0.35039158139050897,7.832358674463938,0.13156794619131157,2020-10-14 23:02:34,873.29,34.067865999999995,-112.125376,2020-10-14 23:02:34,873.29,34.067865999999995,-112.125376,1139.0,0,0.009321073172347018,0.009277900042382225,0.3338547878120045,0.28807308685468785,0,0,0,0,0.1330604351247099,0.2957649752191998,0.1818717971530569,APPROVE,0
306386,2020-10-15 03:23:53,3501942333500073,fraud_Spinka-Welch,grocery_net,8.52,Lori,Bishop,F,08056 Alvarado Club Suite 699,Phoenix,AZ,85086,33.8155,-112.1202,1312922,Counselling psychologist,1999-11-30,97452d72b3655a1773416eef822fcf19,1381807433,33.869178000000005,-111.49376,1,3,49.68775341130605,118.5752034795887,15.167641325536062,33.8155,-112.1202,0.0,80.0,2020-06-21 02:08:04,83.2,33.664431,-111.21172,1,0,-0.34718686416764805,0.34718686416764805,11.832358674463938,0.628735557515243,2020-10-15 02:24:35,284.76,34.728331,-112.890271,2020-10-15 02:24:35,284.76,34.728331,-112.890271,3558.0,0,0.02991993246972913,0.029481063753704056,1.6396300956404761,0.9706387920534625,0,0,0,1,0.412223346191987,0.4111602509734684,0.4119044176264314,VERIFY,0
307710,2020-10-15 22:04:23,3501942333500073,fraud_Nolan-Williamson,kids_pets,20.61,Lori,Bishop,F,08056 Alvarado Club Suite 699,Phoenix,AZ,85086,33.8155,-112.1202,1312922,Counselling psychologist,1999-11-30,1982cc1d3d7c2663773da4add26d2007,1381874663,33.259509,-111.985701,1,22,49.68775341130605,118.5752034795887,15.167641325536062,33.8155,-112.1202,2.0,183.0,2020-06-21 02:08:04,83.2,33.664431,-111.21172,0,0,-0.24522625568241324,0.24522625568241324,6.832358674463938,0.5720279478154858,2020-10-15 03:23:53,8.52,33.869178000000005,-111.49376,2020-10-15 03:23:53,8.52,33.869178000000005,-111.49376,67230.0,0,2.419013800585235,1.229352147088104,0.7833914966618005,0.5785168866584919,0,0,0,0,0.2433960897138412,0.0284459691375692,0.1789110535409596,APPROVE,0
307759,2020-10-15 22:36:44,3501942333500073,fraud_Tillman LLC,travel,10.18,Lori,Bishop,F,08056 Alvarado Club Suite 699,Phoenix,AZ,85086,33.8155,-112.1202,1312922,Counselling psychologist,1999-11-30,b45232e9f4ddae7b1bd5abf19689bd3d,1381876604,34.424236,-113.06184,1,22,49.68775341130605,118.5752034795887,15.167641325536062,33.8155,-112.1202,0.0,81.0,2020-06-21 02:08:04,83.2,33.664431,-111.21172,1,0,-0.3331873099835711,0.3331873099835711,6.832358674463938,1.1212695515780373,2020-10-15 22:23:52,854.43,34.299298,-111.481019,2020-10-15 22:23:52,854.43,34.299298,-111.481019,772.0,0,0.011914375651704206,0.011843958245909104,1.585750465200941,0.950015781185241,1,0,0,2,0.2635300346018088,0.1204125338709546,0.2205947843825525,APPROVE,0
406515,2020-11-28 19:28:36,3513506355699497,fraud_Halvorson Group,misc_pos,9.43,Sarah,Adams,F,5654 Peterson Land,Ridgeland,MS,39157,32.4122,-90.1207,24645,"Scientist, clinical (histocompatibility and immunogenetics)",1966-05-29,37d493473ec84f041143e9ce6f3ef5ba,1385666916,32.941759000000005,-90.217046,1,19,60.99738140417457,95.35178309693596,10.828273244781784,32.4122,-90.1207,3.0,74.0,2020-06-21 10:56:25,75.78,31.763906,-90.812348,0,0,-0.5408119196988538,0.5408119196988538,8.171726755218216,0.5382520656690561,2020-11-28 01:15:32,7.95,32.718208000000004,-89.585089,2020-11-28 01:15:32,7.95,32.718208000000004,-89.585089,65584.0,0,1.1861633728096386,0.7821481229222474,0.6703317831119154,0.5130222792179968,0,0,0,0,0.070715643361406,0.163905566305848,0.0986726202447386,APPROVE,0
64637,2020-07-13 16:19:29,3514897282719543,"fraud_Hartmann, Rowe and Hermann",travel,9.0,Steven,Faulkner,M,841 Cheryl Centers Suite 115,Farmington,NY,14425,42.958,-77.3083,10717,Cytogeneticist,1952-10-13,5a37211bd3549e0e0d9765b3a740b39a,1373732369,42.794331,-77.85361800000001,1,16,69.86929144385027,127.90696855363758,10.398395721925134,42.958,-77.3083,0.0,57.0,2020-06-21 02:57:45,2.72,42.553655,-77.27766899999999,1,0,-0.47588721440487913,0.47588721440487913,5.601604278074866,0.5693498596513477,2020-07-13 01:17:37,6.39,42.132967,-77.005521,2020-07-13 01:17:37,6.39,42.132967,-77.005521,54112.0,0,1.408450483810566,0.8789835879440899,1.075486337386494,0.7301955056834568,0,0,0,1,0.0694504066557255,0.0782538389586534,0.0720914363466038,APPROVE,0
66141,2020-07-13 23:57:54,3514897282719543,fraud_Leannon-Ward,food_dining,139.84,Steven,Faulkner,M,841 Cheryl Centers Suite 115,Farmington,NY,14425,42.958,-77.3083,10717,Cytogeneticist,1952-10-13,4a8cff218356d3998cdc03780b65aaca,1373759874,42.863033,-76.962416,1,23,69.86929144385027,127.90696855363758,10.398395721925134,42.958,-77.3083,3.0,112.0,2020-06-21 02:57:45,2.72,42.553655,-77.27766899999999,0,0,0.5470437521921557,0.5470437521921557,11.398395721925134,0.3586843633962848,2020-07-13 16:19:29,9.0,42.794331,-77.85361800000001,2020-07-13 16:19:29,9.0,42.794331,-77.85361800000001,27505.0,0,15.537776051358218,2.8056472217497217,0.89384616663496,0.6386097700475928,0,0,0,1,0.3566277681468747,0.1267295899223399,0.2876583146795142,APPROVE,0
177640,2020-08-22 23:46:24,3518234918950662,fraud_Zboncak Ltd,food_dining,119.72,Barbara,Lowe,F,67210 Lori Creek,Sherman,TX,75092,33.6372,-96.6184,46563,Systems developer,1970-09-11,baa78a219dfa3b7e6cc64a4dd2fe4b73,1377215184,34.528962,-96.565588,1,23,89.38638223938224,127.74987346626067,13.895366795366796,33.6372,-96.6184,2.0,179.0,2020-06-21 06:36:51,1.37,34.233594000000004,-96.106006,0,0,0.2374453821371778,0.2374453821371778,9.104633204633204,0.893324449451597,2020-08-21 22:44:13,78.78,33.361153,-96.668007,2020-08-21 22:44:13,78.78,33.361153,-96.668007,90131.0,0,1.5196750251374076,0.9241299349286917,1.1722915644335226,0.7757826308312628,0,0,0,1,0.3234903560008305,0.0543057168432772,0.2427349642535645,APPROVE,0
2173,2020-06-22 01:18:02,3524574586339330,"fraud_Yost, Block and Koepp",misc_pos,8.39,Ashley,Cabrera,F,94225 Smith Springs Apt. 617,Vero Beach,FL,32960,27.633000000000003,-80.4031,105638,"Librarian, public",1986-05-07,5461e8c92d8b6512c620b2f943ff8ffa,1371863882,27.059901,-80.32383,1,1,86.6590598840953,130.82034832093782,14.067611075338055,27.633000000000003,-80.4031,5.0,94.0,2020-06-21 01:53:35,1210.91,28.216707,-79.855648,0,0,-0.5982942278504397,0.5982942278504397,10.932388924661945,0.5785552667645522,2020-06-21 23:16:12,22.55,28.396402,-80.819469,2020-06-21 23:16:12,22.55,28.396402,-80.819469,7310.0,0,0.3720620677577797,0.31631476717095575,1.4254448222649634,0.8860149394297201,0,0,0,0,0.6329638126408417,0.2104597223860463,0.5062125855644031,VERIFY,0
29120,2020-06-30 19:16:07,3528231451607350,fraud_Gutmann-Upton,misc_pos,50.07,Lauren,Moreno,F,83719 Wilson Shore,Heislerville,NJ,8324,39.224,-74.9942,526,Exercise physiologist,1940-09-06,c2a0c0f7584998bb67c6c81f01d3387c,1372619767,39.340316,-75.669888,1,19,63.11469914040114,119.78044577052985,11.33906399235912,39.224,-74.9942,1.0,44.0,2020-06-20 16:04:41,216.32,40.040397,-75.272482,0,0,-0.10890508002021071,0.10890508002021071,7.6609360076408795,0.6856264910284555,2020-06-30 03:49:23,347.88,39.416971,-74.20669699999999,2020-06-30 03:49:23,347.88,39.416971,-74.20669699999999,55604.0,0,0.14392894060041123,0.13446877616861797,1.4651975605719612,0.9022719505597698,0,0,0,0,0.0772175235050056,0.0779070859843863,0.0774243922488198,APPROVE,0
78185,2020-07-18 21:00:49,3534330126107879,fraud_Gottlieb-Hansen,personal_care,21.38,Jeffrey,Smith,M,713 Scott Pike Apt. 712,Bridger,MT,59014,45.2857,-108.9082,1446,Chartered loss adjuster,1978-01-15,01cee15563baafd4d02faf52b1a20af7,1374181249,44.535431,-109.646361,1,21,94.27604326923077,86.84484550192406,12.110096153846154,45.2857,-108.9082,1.0,84.0,2020-06-21 11:55:56,98.98,45.255121,-108.965818,0,0,-0.8393824873375274,0.8393824873375274,8.889903846153846,1.052513769165041,2020-07-17 04:46:46,36.98,44.673936,-109.179809,2020-07-17 04:46:46,36.98,44.673936,-109.179809,144843.0,0,0.5781503359072382,0.4562534877889862,0.4866768987007623,0.39654335987432354,0,0,0,1,0.3546025831057627,0.1678589201137974,0.2985794842081731,APPROVE,0
81757,2020-07-19 22:33:45,3534330126107879,fraud_Beer-Jast,kids_pets,18.86,Jeffrey,Smith,M,713 Scott Pike Apt. 712,Bridger,MT,59014,45.2857,-108.9082,1446,Chartered loss adjuster,1978-01-15,b43ec1f961b7967e742eddf48ca7045b,1374273225,45.869047,-108.51966000000002,1,22,94.27604326923077,86.84484550192406,12.110096153846154,45.2857,-108.9082,2.0,185.0,2020-06-21 11:55:56,98.98,45.255121,-108.965818,0,0,-0.8683997532030864,0.8683997532030864,9.889903846153846,0.700897320589105,2020-07-19 22:21:21,503.53,44.557191,-107.920422,2020-07-19 22:21:21,503.53,44.557191,-107.920422,744.0,0,0.03745556364574988,0.036771141984512236,1.4422386575667752,0.8929151012845361,0,0,0,0,0.5184656908899035,0.372873864728138,0.4747881430413738,VERIFY,0
62070,2020-07-12 23:21:50,3540075240003197,fraud_Kilback LLC,food_dining,102.42,Christian,Johns,M,892 Solis Neck,Lonsdale,MN,55046,44.4477,-93.4252,5211,Chief Strategy Officer,1987-01-27,4890a3d474e1549566a02e3624abd0f8,1373671310,45.105033,-94.215523,1,23,51.38465976331361,97.87066553975454,13.915187376725838,44.4477,-93.4252,8.0,180.0,2020-06-20 16:40:20,27.44,45.048282,-93.690687,0,0,0.5214569598946801,0.5214569598946801,9.084812623274162,1.0279577409689578,2020-07-12 23:20:17,852.76,43.745898,-93.001669,2020-07-12 23:20:17,852.76,43.745898,-93.001669,93.0,1,0.1201041323231576,0.1134216562736025,1.8222759070845995,1.0375436187026823,0,0,0,2,0.0993260024447454,0.2336617279749915,0.1396267201038192,APPROVE,0
450958,2020-12-08 13:44:20,3545109339866548,fraud_Fisher Inc,shopping_net,1032.04,Keith,Sanders,M,8030 Beck Motorway,Moorhead,MS,38761,33.4783,-90.5142,2870,Chartered public finance accountant,1999-03-05,dcd9bbc877c22bfa68da97cd93737b7b,1386510260,33.963288,-91.257788,1,13,48.47894956633473,131.56691795122907,15.010921940250562,33.4783,-90.5142,3.0,262.0,2020-06-21 09:22:42,73.99,32.855135,-91.228524,0,0,7.475747385999549,7.475747385999549,2.0109219402505616,0.8877705074443536,2020-12-08 10:17:18,286.92,32.80962,-90.521335,2020-12-08 10:17:18,286.92,32.80962,-90.521335,12422.0,0,3.5969608127807025,1.5253953922675705,1.368690204331502,0.8623371459759922,0,1,0,2,0.4054653374870055,0.2185270503002772,0.349383851330987,VERIFY,0
453573,2020-12-08 22:08:54,3545109339866548,"fraud_Cole, Hills and Jewess",home,216.25,Keith,Sanders,M,8030 Beck Motorway,Moorhead,MS,38761,33.4783,-90.5142,2870,Chartered public finance accountant,1999-03-05,791dc02f805d9328fc81c590bdcc0fc6,1386540534,33.251669,-91.378583,1,22,48.47894956633473,131.56691795122907,15.010921940250562,33.4783,-90.5142,5.0,181.0,2020-06-21 09:22:42,73.99,32.855135,-91.228524,0,0,1.2751765547983747,1.2751765547983747,6.989078059749438,0.8935992283177091,2020-12-08 13:44:20,1032.04,33.963288,-91.257788,2020-12-08 13:44:20,1032.04,33.963288,-91.257788,30274.0,0,0.2095364518724696,0.190237188581949,0.7217984713103781,0.543369367397426,0,0,0,1,0.1303534652469194,0.1052918349278921,0.1228349761512112,APPROVE,0
453662,2020-12-08 22:25:27,3545109339866548,"fraud_Watsica, Haag and Considine",shopping_pos,813.71,Keith,Sanders,M,8030 Beck Motorway,Moorhead,MS,38761,33.4783,-90.5142,2870,Chartered public finance accountant,1999-03-05,e496ca403914e928aaca1eca7eee4f30,1386541527,34.240136,-91.063821,1,22,48.47894956633473,131.56691795122907,15.010921940250562,33.4783,-90.5142,6.0,302.0,2020-06-21 09:22:42,73.99,32.855135,-91.228524,0,0,5.816287684880202,5.816287684880202,6.989078059749438,0.9394026477166252,2020-12-08 22:08:54,216.25,33.251669,-91.378583,2020-12-08 22:08:54,216.25,33.251669,-91.378583,993.0,0,3.762820791848228,1.5608400960527744,1.0373727038692513,0.7116610875525465,0,1,0,2,0.5737966945384905,0.2672027656926742,0.4818185158847455,VERIFY,0
453717,2020-12-08 22:35:59,3545109339866548,fraud_Hills-Witting,shopping_net,1115.54,Keith,Sanders,M,8030 Beck Motorway,Moorhead,MS,38761,33.4783,-90.5142,2870,Chartered public finance accountant,1999-03-05,61875702319a2189aa6534c47e3b3905,1386542159,33.559543,-90.727481,1,22,48.47894956633473,131.56691795122907,15.010921940250562,33.4783,-90.5142,4.0,262.0,2020-06-21 09:22:42,73.99,32.855135,-91.228524,0,0,8.110405403878291,8.110405403878291,6.989078059749438,0.22823060708414625,2020-12-08 22:25:27,813.71,34.240136,-91.063821,2020-12-08 22:25:27,813.71,34.240136,-91.063821,632.0,0,1.3709306738630092,0.8632825674584136,0.7591649539125256,0.5648392384550002,0,0,0,1,0.4388313845572534,0.4797493470336745,0.4511067733001797,VERIFY,0
213879,2020-09-05 03:05:14,3550412175018089,fraud_Koepp-Parker,grocery_pos,244.56,Morgan,James,F,742 Sellers Ferry,Lexington,KY,40502,38.0174,-84.4854,296965,Software engineer,1962-12-30,5a02adb898b82b9ba7db627f5b6ea343,1378350314,37.36752,-84.737439,1,3,,,,,,0.0,0.0,,,,,1,1,0.0,0.0,,,2020-09-04 23:54:40,1113.85,38.913846,-83.83159599999999,2020-09-04 23:54:40,1113.85,38.913846,-83.83159599999999,11434.0,0,0.21956277755571865,0.19849241545935586,1.7921148509303217,1.0267993197741048,0,0,0,1,0.1769163347774444,0.9999253608958496,0.423819042612966,VERIFY,0
365644,2020-11-10 01:29:28,3560336828629935,fraud_Brekke and Sons,gas_transport,20.75,Christopher,White,M,13613 Hammond Ferry,Clutier,IA,52217,42.0789,-92.3763,590,"Embryologist, clinical",1953-03-30,8003e80bd8ca4a05dc3ff92fa4108def,1384046968,42.814065,-91.685795,1,1,53.02645038167939,76.57221465621198,11.209923664122137,42.0789,-92.3763,1.0,73.0,2020-06-20 23:44:10,7.18,43.076479,-92.459752,0,0,-0.4215164744166697,0.4215164744166697,10.209923664122137,1.008595425455621,2020-11-09 23:39:37,924.24,41.105156,-93.100314,2020-11-09 23:39:37,924.24,41.105156,-93.100314,6591.0,0,0.022450878535390288,0.022202567228649935,2.218385442532923,1.1688798184431504,0,0,0,1,0.4483064630643391,0.3991224776695245,0.4335512674458947,VERIFY,0
368623,2020-11-10 23:43:28,3560336828629935,"fraud_Roberts, Ryan and Smith",personal_care,47.43,Christopher,White,M,13613 Hammond Ferry,Clutier,IA,52217,42.0789,-92.3763,590,"Embryologist, clinical",1953-03-30,dbe9e1dbded39292ecb1747cf44bb65a,1384127008,42.319456,-93.064189,1,23,53.02645038167939,76.57221465621198,11.209923664122137,42.0789,-92.3763,3.0,45.0,2020-06-20 23:44:10,7.18,43.076479,-92.459752,0,0,-0.07308722013224614,0.07308722013224614,11.790076335877863,0.728737583398167,2020-11-10 22:04:39,306.22,41.150687,-93.258119,2020-11-10 22:04:39,306.22,41.150687,-93.258119,5929.0,0,0.15488864164689228,0.1440039251670783,1.1847488426924115,0.781500875804544,0,0,0,0,0.2766771264384668,0.1614020161899672,0.2420945933639169,APPROVE,0
1685,2020-06-21 22:06:39,3560725013359375,fraud_Hamill-D'Amore,health_fitness,24.84,Brooke,Smith,F,63542 Luna Brook Apt. 012,Notrees,TX,79759,31.8599,-102.7413,23,Cytogeneticist,1969-09-15,16bf2e46c54369a8eab2214649506425,1371852399,32.575873,-102.60429,1,22,62.843992191312836,99.07919600120927,11.45876037091264,31.8599,-102.7413,3.0,178.0,2020-06-21 03:26:20,21.69,32.675272,-103.484949,0,0,-0.3835718631313594,0.3835718631313594,10.54123962908736,0.728964386529959,,,,,2020-06-21 03:26:20,21.69,32.675272,-103.484949,67219.0,0,1.1452281629678116,0.7632459164050902,0.8862507746016303,0.6345911417567652,0,0,0,0,0.3103351343519823,0.2139304491150056,0.2814137287808892,APPROVE,0
441072,2020-12-06 22:27:45,3564182536169293,fraud_Auer LLC,personal_care,49.51,Brenda,Johnson,F,56160 Nicholas Isle,Norwich,OH,43767,39.9934,-81.8024,1443,Research scientist (medical),1962-03-04,5f50d3f6e0073eeed622d34b42a9921b,1386368865,40.05307,-80.822411,1,22,59.81364905284147,106.43616593436109,11.244267198404785,39.9934,-81.8024,2.0,77.0,2020-06-20 18:19:08,111.28,40.652469,-82.54989599999999,0,0,-0.09680590112941315,0.09680590112941315,10.755732801595215,0.9818039259551807,2020-12-06 22:15:47,886.33,40.028547,-81.831648,2020-12-06 22:15:47,886.33,40.028547,-81.831648,718.0,0,0.05585955563293631,0.05435517987952365,1.0095348927590355,0.697903298657356,0,0,0,1,0.2277512949079627,0.3080513498792896,0.2518413113993608,APPROVE,0
18487,2020-06-27 22:39:07,3573386445588324,fraud_Zboncak LLC,food_dining,135.82,Stephanie,Murphy,F,526 Stacy Walks,Barnard,SD,57426,45.7205,-98.5534,63,Systems developer,1969-10-30,c3ba6123277e80c42c5190ddd6867c37,1372372747,45.419993,-97.823968,1,22,59.38734375,100.92888459614085,11.55859375,45.7205,-98.5534,1.0,60.0,2020-06-21 10:27:20,79.08,45.033056,-97.874663,0,0,0.7572921844776863,0.7572921844776863,10.44140625,0.7889077890812118,2020-06-27 19:47:59,667.17,46.0403,-97.71046,2020-06-27 19:47:59,667.17,46.0403,-97.71046,10268.0,0,0.20357629958844628,0.18529737431072354,0.6306067239674851,0.4889521688537024,0,0,0,0,0.510030888477283,0.1791764012354248,0.4107745423047255,VERIFY,0
336809,2020-10-28 03:53:32,3577578023716568,fraud_Kilback LLC,food_dining,140.13,Debbie,Hughes,F,0182 Owens Burgs Suite 480,Diamond,OH,44412,41.0935,-81.0425,2644,"Engineer, biomedical",1983-08-25,a056bb195095954a592909208d8fbffc,1382932412,40.625263,-80.380619,1,3,92.75474567901234,253.0064986285288,13.829629629629629,41.0935,-81.0425,5.0,150.0,2020-06-21 11:12:34,176.12,41.996782,-80.661798,0,0,0.1872491591739553,0.1872491591739553,10.829629629629629,0.810760350738745,2020-10-28 03:03:36,319.52,41.9074,-81.720199,2020-10-28 03:03:36,319.52,41.9074,-81.720199,2996.0,0,0.4385640947716447,0.36364545968813244,1.8542787986624367,1.0488192012711208,0,0,0,1,0.5012765102390104,0.0613475604368259,0.3692978252983551,VERIFY,0
339404,2020-10-29 19:26:36,3577578023716568,"fraud_Nienow, Barrows and Romaguera",personal_care,21.87,Debbie,Hughes,F,0182 Owens Burgs Suite 480,Diamond,OH,44412,41.0935,-81.0425,2644,"Engineer, biomedical",1983-08-25,d342bea6d3e3733ff49b415541741b60,1383074796,41.150349,-81.25103,1,19,92.75474567901234,253.0064986285288,13.829629629629629,41.0935,-81.0425,3.0,168.0,2020-06-21 11:12:34,176.12,41.996782,-80.661798,0,0,-0.28016966276790245,0.28016966276790245,5.170370370370371,0.21614016216566126,2020-10-29 03:29:06,870.71,40.805561,-80.87996700000001,2020-10-29 03:29:06,870.71,40.805561,-80.87996700000001,57450.0,0,0.025117432870740624,0.024807174682265547,0.5065239529508897,0.4098049791968939,0,0,0,0,0.2059082448691694,0.1058927456440109,0.1759035951016219,APPROVE,0
121471,2020-08-02 22:57:26,3577794103155425,"fraud_Turner, Ziemann and Lehner",food_dining,135.12,Mary,Humphrey,F,9853 Flynn Hollow Apt. 602,Reynolds,ND,58275,47.7068,-97.2092,733,Visual merchandiser,1994-11-12,c7080b632616b8cbf2e586d6c209694f,1375484246,46.941781,-97.684605,1,22,55.49198396793587,124.25049855209069,14.1062124248497,47.7068,-97.2092,1.0,66.0,2020-06-21 10:48:07,92.58,47.542031,-97.077474,0,0,0.6408667676919958,0.6408667676919958,7.8937875751503,0.900701939814727,2020-08-02 22:50:24,17.29,47.092661,-96.783225,2020-08-02 22:50:24,17.29,47.092661,-96.783225,422.0,0,7.814921468194247,2.17644590692691,0.9139204991682843,0.649153755683399,0,0,0,2,0.4291720015674493,0.2131330411320723,0.3643603134368362,VERIFY,0
19392,2020-06-28 06:58:06,3581130339108561,"fraud_Schultz, Simonis and Little",grocery_pos,241.45,Gregory,Wood,M,622 Robert Summit,Akron,OH,44307,41.0695,-81.5488,272134,Call centre manager,1964-03-15,b85e1410861909e7bd3bdd1af343a589,1372402686,40.19583,-81.59141899999999,1,6,77.88320939334638,370.9340507620964,10.052837573385519,41.0695,-81.5488,1.0,57.0,2020-06-19 19:44:49,33.58,40.128558,-82.381384,0,0,0.4409592212676107,0.4409592212676107,4.052837573385519,0.8747088933245127,2020-06-28 02:01:49,314.28,40.256607,-81.036006,2020-06-28 02:01:49,314.28,40.256607,-81.036006,17777.0,0,0.7682639659912691,0.5699982551022735,0.5587284172994837,0.44387037175713795,0,0,0,1,0.323502190800946,0.0330938870074367,0.2363796996628932,APPROVE,0
278017,2020-10-03 03:14:55,3585052663373890,fraud_Funk Group,grocery_net,17.1,Jeffery,Brown,M,296 Maria Street,West Eaton,NY,13484,42.8546,-75.6605,176,Science writer,1963-12-28,3697f26d5e010de2cad2c462140dd146,1380770095,43.627621000000005,-76.17359499999999,1,3,80.4288736532811,478.2397452867818,11.751224289911852,42.8546,-75.6605,0.0,4.0,2020-06-21 06:44:04,38.8,41.864026,-76.077987,1,0,-0.1324207662474487,0.1324207662474487,8.751224289911852,0.927808140439608,2020-10-02 00:11:44,4.63,42.087838,-76.153586,2020-10-02 00:11:44,4.63,42.087838,-76.153586,97391.0,0,3.6933037379473572,1.5461367562068247,1.5399129998704542,0.9321298284243251,1,0,0,2,0.5879287848709602,0.064312915213196,0.430844023973631,VERIFY,0
282223,2020-10-04 22:17:52,3585052663373890,"fraud_Terry, Johns and Bins",misc_pos,50.31,Jeffery,Brown,M,296 Maria Street,West Eaton,NY,13484,42.8546,-75.6605,176,Science writer,1963-12-28,35a37840af25ba639930f2ad3295ab19,1380925072,43.187012,-76.089512,1,22,80.4288736532811,478.2397452867818,11.751224289911852,42.8546,-75.6605,0.0,36.0,2020-06-21 06:44:04,38.8,41.864026,-76.077987,1,0,-0.06297860829664288,0.06297860829664288,10.248775710088148,0.5427237178233539,2020-10-04 22:17:25,1180.19,43.044154,-76.399776,2020-10-04 22:17:25,1180.19,43.044154,-76.399776,27.0,1,0.04262872923628506,0.041745148349441735,0.3415730637213704,0.2938428535982374,0,0,0,2,0.1804426479261744,0.6030792286290598,0.30723362213704,VERIFY,0
282311,2020-10-04 22:57:03,3585052663373890,fraud_Reynolds-Schinner,misc_pos,49.66,Jeffery,Brown,M,296 Maria Street,West Eaton,NY,13484,42.8546,-75.6605,176,Science writer,1963-12-28,76995a0399e7df9737ac97b637b23d3e,1380927423,43.797699,-75.95277,1,22,80.4288736532811,478.2397452867818,11.751224289911852,42.8546,-75.6605,0.0,36.0,2020-06-21 06:44:04,38.8,41.864026,-76.077987,1,0,-0.0643377592351561,0.0643377592351561,10.248775710088148,0.9873487107911815,2020-10-04 22:25:37,360.25,41.867495,-74.981987,2020-10-04 22:25:37,360.25,41.867495,-74.981987,1886.0,0,0.13784871578667948,0.1291393881909816,2.160580272682551,1.1507556413365307,1,0,0,2,0.1522287674208244,0.2245502692852205,0.1739252179801433,APPROVE,0
282467,2020-10-04 23:51:58,3585052663373890,"fraud_Larson, Quitzon and Spencer",travel,3.77,Jeffery,Brown,M,296 Maria Street,West Eaton,NY,13484,42.8546,-75.6605,176,Science writer,1963-12-28,950c79c046735d4be013ccf121c05229,1380930718,42.660311,-76.351155,1,23,80.4288736532811,478.2397452867818,11.751224289911852,42.8546,-75.6605,1.0,40.0,2020-06-21 06:44:04,38.8,41.864026,-76.077987,0,0,-0.1602938154941889,0.1602938154941889,11.248775710088148,0.7174625736204003,2020-10-04 23:01:29,914.64,43.526103000000006,-75.624736,2020-10-04 23:01:29,914.64,43.526103000000006,-75.624736,3029.0,0,0.0041218402823823145,0.004113368769562344,1.1301682842944323,0.756200983311469,0,0,0,0,0.150968254729801,0.5282076853225759,0.2641400839076334,APPROVE,0
28628,2020-06-30 16:42:15,3586008444788268,fraud_Schaefer Ltd,kids_pets,19.68,Crystal,Fuller,F,000 Jennifer Mills,Issaquah,WA,98027,47.4974,-122.0107,50489,Osteopath,1984-02-29,438264358e822fe875706f82c0bd0cd9,1372610535,47.859839,-121.232474,1,16,91.67758647194465,194.45227647659277,13.88009223674097,47.4974,-122.01069999999999,5.0,239.0,2020-06-21 10:01:00,239.64,47.128033,-122.007734,0,0,-0.37025838630566504,0.37025838630566504,2.1199077632590306,0.8584857225353169,2020-06-30 03:59:50,520.02,46.780492,-122.916246,2020-06-30 03:59:50,520.02,46.780492,-122.916246,45745.0,0,0.037844698208059885,0.037146157180166804,2.0000195235029614,1.0986187964812544,0,0,0,1,0.258856407643112,0.0364949606621694,0.1921479735488292,APPROVE,0
29716,2020-06-30 22:18:16,3586008444788268,"fraud_Mueller, Gerhold and Mueller",health_fitness,23.36,Crystal,Fuller,F,000 Jennifer Mills,Issaquah,WA,98027,47.4974,-122.0107,50489,Osteopath,1984-02-29,8114c8e33fe9355abc34778fe9a45f06,1372630696,47.151091,-122.373027,1,22,91.67758647194465,194.45227647659277,13.88009223674097,47.4974,-122.01069999999999,4.0,168.0,2020-06-21 10:01:00,239.64,47.128033,-122.007734,0,0,-0.3513334343958424,0.3513334343958424,8.11990776325903,0.5012093159649011,2020-06-30 16:42:15,19.68,47.859839,-121.232474,2020-06-30 16:42:15,19.68,47.859839,-121.232474,20161.0,0,1.1869918096040746,0.7825269966506152,1.3428271941366816,0.8513584027026955,0,0,0,0,0.5748536671825385,0.1308916074803342,0.4416650492718771,VERIFY,0
31084,2020-07-01 15:21:14,3586008444788268,"fraud_Bahringer, Bergnaum and Quitzon",home,232.25,Crystal,Fuller,F,000 Jennifer Mills,Issaquah,WA,98027,47.4974,-122.0107,50489,Osteopath,1984-02-29,15b897bf56a8d38a3b203a546e0ffedf,1372692074,48.472294,-121.312176,1,15,91.67758647194465,194.45227647659277,13.88009223674097,47.4974,-122.01069999999999,5.0,260.0,2020-06-21 10:01:00,239.64,47.128033,-122.007734,0,0,0.7229147189853653,0.7229147189853653,1.1199077632590306,1.199314008011241,2020-07-01 03:52:51,1001.99,47.402638,-122.645785,2020-07-01 03:52:51,1001.99,47.402638,-122.645785,41303.0,0,0.2317887401752625,0.2084673732769752,1.709583845038615,0.9967950603832701,0,0,0,1,0.0616827182721546,0.0523070875808329,0.0588700290647581,APPROVE,0
36033,2020-07-03 22:19:41,3589255887819806,"fraud_Nienow, Ankunding and Collier",misc_pos,6.67,David,Miller,M,622 Bradley Knoll Apt. 758,Hancock,MD,21750,39.6991,-78.1762,3766,Press photographer,1984-02-14,3ff79c3fc560882aa125a5e7ebb474df,1372889981,40.042611,-77.734092,1,22,64.7886502580389,184.98108704304374,13.89241762604208,39.6991,-78.1762,4.0,175.0,2020-06-21 11:34:34,100.44,38.908913,-78.033845,0,0,-0.3141869845879332,0.3141869845879332,8.10758237395792,0.5598743526765547,2020-07-03 09:35:53,305.34,40.159578,-78.10995600000001,2020-07-03 09:35:53,305.34,40.159578,-78.10995600000001,45828.0,0,0.021844501140222374,0.02160932867909379,0.3936432719925566,0.3319213771453505,0,0,0,0,0.2308845613707977,0.3254493047192547,0.2592539843753348,APPROVE,0
38530,2020-07-04 23:45:01,3589255887819806,fraud_Gislason Group,misc_pos,7.6,David,Miller,M,622 Bradley Knoll Apt. 758,Hancock,MD,21750,39.6991,-78.1762,3766,Press photographer,1984-02-14,5f5b06dc204aff66844b625071f0a75d,1372981501,39.765177,-78.916377,1,23,64.7886502580389,184.98108704304374,13.89241762604208,39.6991,-78.1762,5.0,175.0,2020-06-21 11:34:34,100.44,38.908913,-78.033845,0,0,-0.30915944361150866,0.30915944361150866,9.10758237395792,0.7431205563419734,2020-07-04 23:44:03,709.43,39.114715,-77.385777,2020-07-04 23:44:03,709.43,39.114715,-77.385777,58.0,1,0.010712825774617896,0.0106558500096692,1.663080627463378,0.9794835833030031,0,0,0,1,0.353700501192102,0.329613279868903,0.3464743347951423,VERIFY,0
456449,2020-12-09 19:12:44,3591919803438423,fraud_Gleason and Sons,kids_pets,17.51,Brian,Williams,M,32941 Krystal Mill Apt. 552,Titusville,FL,32780,28.5697,-80.8191,54767,Set designer,1987-07-25,be11462e91e8e2f6bbbe404246bec32d,1386616364,27.635211,-79.81970600000001,1,19,57.897437745740504,171.10930247696027,13.77916120576671,28.5697,-80.8191,0.0,110.0,2020-06-20 16:17:30,6.55,28.854388,-81.42320699999999,1,0,-0.2360329738071702,0.2360329738071702,5.2208387942332894,1.3682317268492896,2020-12-09 00:09:36,8.67,29.290969,-79.947775,2020-12-09 00:09:36,8.67,29.290969,-79.947775,68588.0,0,2.019607610195201,1.1051268925461528,1.660703532640607,0.9785905737784788,1,0,0,2,0.1124692473054665,0.0130691460624947,0.082649216932575,APPROVE,0
11702,2020-06-24 22:26:26,3593118134380341,fraud_Hills-Boyer,personal_care,46.36,Laura,Casey,F,6114 Moran Way,Steuben,ME,4680,44.4971,-67.9503,1131,Make,1959-05-10,75365b9ba05a150f1751934da9b67d9b,1372112786,44.408786,-66.96074499999999,1,22,59.56258173076923,94.39279398474399,11.441826923076922,44.4971,-67.9503,4.0,148.0,2020-06-21 11:05:05,19.96,45.088861,-68.552628,0,0,-0.13986853268729957,0.13986853268729957,10.558173076923078,0.9934880274170497,2020-06-23 23:26:11,20.97,44.374648,-68.420149,2020-06-23 23:26:11,20.97,44.374648,-68.420149,82815.0,0,2.2107771954803437,1.1665130248084101,1.4598032190196109,0.9000813544762685,0,0,0,1,0.1819308921973056,0.0453247368127819,0.1409490455819485,APPROVE,0
11842,2020-06-24 23:54:32,3593118134380341,fraud_Turcotte-Halvorson,misc_pos,49.18,Laura,Casey,F,6114 Moran Way,Steuben,ME,4680,44.4971,-67.9503,1131,Make,1959-05-10,a113daae572eb0d73af45fbc4fd5cb50,1372118072,45.216686,-67.15414100000001,1,23,59.56258173076923,94.39279398474399,11.441826923076922,44.4971,-67.9503,1.0,81.0,2020-06-21 11:05:05,19.96,45.088861,-68.552628,0,0,-0.10999337113015133,0.10999337113015133,11.558173076923078,1.0731603629826167,2020-06-24 23:46:55,737.99,44.894012,-68.76144599999999,2020-06-24 23:46:55,737.99,44.894012,-68.76144599999999,457.0,0,0.06664046929275401,0.06451396079792539,1.63937423223038,0.9705418558153367,0,0,0,1,0.2112527504239557,0.3272831406522975,0.2460618674924582,APPROVE,0
13876,2020-06-25 23:37:19,3593118134380341,fraud_Lemke and Sons,travel,4.64,Laura,Casey,F,6114 Moran Way,Steuben,ME,4680,44.4971,-67.9503,1131,Make,1959-05-10,77177e8f49edc26821f92714d1ec7669,1372203439,44.031055,-68.81560400000001,1,23,59.56258173076923,94.39279398474399,11.441826923076922,44.4971,-67.9503,2.0,79.0,2020-06-21 11:05:05,19.96,45.088861,-68.552628,0,0,-0.5818514192703581,0.5818514192703581,11.558173076923078,0.9828270216274156,2020-06-25 23:01:19,976.48,44.955637,-67.503251,2020-06-25 23:01:19,976.48,44.955637,-67.503251,2160.0,0,0.00475176142393929,0.004740507442366589,1.6053417926824822,0.9575638730025468,0,0,0,1,0.0999631758629335,0.5678422353223804,0.2403268937007676,APPROVE,0
462378,2020-12-11 13:32:43,3596217206093829,"fraud_Crist, Jakubowski and Littel",home,216.01,Sara,Ramirez,F,23843 Scott Island,Birmingham,IA,52535,40.8626,-91.9534,888,Camera operator,1988-03-25,99ad029e9d661ad14dfbf2bc5ca1cf1e,1386768763,40.517061,-92.793208,1,13,60.280147492625375,130.89354582096385,13.666666666666666,40.8626,-91.9534,7.0,284.0,2020-06-21 01:41:37,98.49,40.998529,-91.508478,0,0,1.1897443097052132,1.1897443097052132,0.6666666666666661,0.9081160043656372,2020-12-11 05:16:27,392.0,40.74246,-92.531863,2020-12-11 05:16:27,392.0,40.74246,-92.531863,29776.0,0,0.5510459169616175,0.4389294885025584,0.3451172528663329,0.29648118610641355,0,0,0,1,0.039962277231824,0.0898395891425588,0.0549254708050444,APPROVE,0
465956,2020-12-12 12:25:18,3596217206093829,fraud_Kutch-Ferry,home,234.54,Sara,Ramirez,F,23843 Scott Island,Birmingham,IA,52535,40.8626,-91.9534,888,Camera operator,1988-03-25,bfeedcce13c9e0649ac05940c64387a0,1386851118,40.438814,-91.177613,1,12,60.280147492625375,130.89354582096385,13.666666666666666,40.8626,-91.9534,4.0,284.0,2020-06-21 01:41:37,98.49,40.998529,-91.508478,0,0,1.3313097302323633,1.3313097302323633,1.666666666666666,0.8839909745947707,2020-12-12 03:18:51,717.14,40.368314,-92.514904,2020-12-12 03:18:51,717.14,40.368314,-92.514904,32787.0,0,0.3270491112934028,0.28295776392930094,1.339148038374033,0.8497867769092071,0,0,0,1,0.1134636696464899,0.1517377300485802,0.124945887767117,APPROVE,0
467904,2020-12-12 23:18:15,3596217206093829,"fraud_Roberts, Ryan and Smith",personal_care,20.2,Sara,Ramirez,F,23843 Scott Island,Birmingham,IA,52535,40.8626,-91.9534,888,Camera operator,1988-03-25,e95ea937cfff41e83168b1a7e4e01ee7,1386890295,39.945376,-91.126089,1,23,60.280147492625375,130.89354582096385,13.666666666666666,40.8626,-91.9534,6.0,225.0,2020-06-21 01:41:37,98.49,40.998529,-91.508478,0,0,-0.3062041518933472,0.3062041518933472,9.333333333333334,1.235209843264297,2020-12-12 12:25:18,234.54,40.438814,-91.177613,2020-12-12 12:25:18,234.54,40.438814,-91.177613,39177.0,0,0.0861260335715612,0.0826172677906011,0.4961207337130728,0.40287558064952267,0,0,0,1,0.6403633641032223,0.2026454983072856,0.5090480043644413,VERIFY,0
342954,2020-10-31 17:36:06,4087542780207162,fraud_Lemke and Sons,travel,10.53,Nicole,Dominguez,F,537 Brian Island,Guthrie,OK,73044,35.833,-97.436,20226,Retail manager,1969-11-08,fda0f251f96653a5c9ca2c44f9225158,1383240966,34.887631,-97.895563,1,17,,,,,,0.0,0.0,,,,,1,1,0.0,0.0,,,,,,,,,,,999999.0,0,0.0,0.0,,,0,0,0,1,0.1569756336631096,0.9999216832682214,0.4098594485446432,VERIFY,0
345776,2020-11-01 20:14:38,4087542780207162,"fraud_Boehm, Block and Jakubowski",misc_pos,8.95,Nicole,Dominguez,F,537 Brian Island,Guthrie,OK,73044,35.833,-97.436,20226,Retail manager,1969-11-08,e1b2f700234370102bb8168ab0bee294,1383336878,36.330949,-97.892333,1,20,,,,,,0.0,0.0,,,,,1,1,0.0,0.0,,,2020-11-01 03:38:50,8.08,35.470197,-96.914445,2020-11-01 03:38:50,8.08,35.470197,-96.914445,59748.0,0,1.107673130238474,0.7455845570991286,1.3027505310104397,0.8341042914845701,0,0,0,1,0.2115867157067696,0.99993077446184,0.4480899333332906,VERIFY,0
294905,2020-10-10 16:00:00,4104312520615374,fraud_Weimann-Lockman,kids_pets,21.09,Brooke,Rodriguez,F,901 Todd Gardens Apt. 466,Mountain Center,CA,92561,33.6401,-116.5567,1661,"Therapist, music",1988-09-19,7d5cb67e004cab0de8eed45dd80b0604,1381420800,34.347223,-116.15864,1,16,57.41908284023668,112.30043133766202,13.872781065088757,33.6401,-116.5567,3.0,102.0,2020-06-21 00:19:54,61.77,33.637721,-116.047881,0,0,-0.32349904701170995,0.32349904701170995,2.1272189349112427,0.81146454064796,2020-10-06 23:16:07,62.72,33.668553,-116.381023,2020-10-06 23:16:07,62.72,33.668553,-116.381023,319433.0,0,0.33625637218979,0.2898719520565353,0.7141758660085012,0.5389324205178863,0,0,0,1,0.236239566905454,0.029198086181629,0.1741271226883065,APPROVE,0
298358,2020-10-11 23:44:09,4104312520615374,"fraud_Langosh, Wintheiser and Hyatt",food_dining,93.87,Brooke,Rodriguez,F,901 Todd Gardens Apt. 466,Mountain Center,CA,92561,33.6401,-116.5567,1661,"Therapist, music",1988-09-19,de37c23662398f69bd10dcb743c2c861,1381535049,34.33335,-117.51807,1,23,57.41908284023668,112.30043133766202,13.872781065088757,33.6401,-116.5567,1.0,59.0,2020-06-21 00:19:54,61.77,33.637721,-116.047881,0,0,0.3245839432760477,0.3245839432760477,9.127218934911243,1.1852543353221643,2020-10-11 23:18:36,20.71,33.831483,-115.819572,2020-10-11 23:18:36,20.71,33.831483,-115.819572,1533.0,0,4.532592731405469,1.7106565540146144,1.7710917372324355,1.0192413715156066,0,0,0,1,0.1566055748909174,0.2590273906637122,0.1873321196227558,APPROVE,0
188369,2020-08-25 22:02:35,4119762878330989,fraud_Jerde-Hermann,travel,10.71,Melinda,Gutierrez,F,1497 West Gateway,Eureka,IL,61530,40.7152,-89.2706,6713,Archivist,1945-08-19,6089388bfca8fcb36cf8e7882683930c,1377468155,39.872061,-88.603305,1,22,59.30057274522712,93.77139332754292,10.285055957867018,40.7152,-89.27060000000002,0.0,57.0,2020-06-21 11:02:36,1.65,40.423861,-89.256969,1,0,-0.518181190475856,0.518181190475856,11.714944042132982,1.07525159397511,2020-08-25 01:22:24,289.38,40.600096,-89.576626,2020-08-25 01:22:24,289.38,40.600096,-89.576626,74411.0,0,0.03701015952377442,0.03634172623293333,1.215478806999939,0.7954685458251229,1,0,0,2,0.5939763934565393,0.2901234338179556,0.5028205055649642,VERIFY,0
304225,2020-10-13 21:15:33,4129767952109660,"fraud_Schiller, Blanda and Johnson",home,255.24,Cheryl,Ballard,F,248 James Squares Apt. 838,Halstad,MN,56548,47.3551,-96.798,771,"Scientist, audiological",1972-06-14,593cb928bcefeb165233d0855f6b3972,1381698933,47.358852,-97.068948,1,21,55.199864209505336,102.9066011232458,14.033947623666343,47.3551,-96.798,2.0,103.0,2020-06-21 05:00:07,91.6,46.860595,-96.363799,0,0,1.9438999215124912,1.9438999215124912,6.966052376333657,0.27097397699410597,2020-10-13 03:07:06,751.63,46.961592,-97.504919,2020-10-13 03:07:06,751.63,46.961592,-97.504919,65307.0,0,0.33958197472216123,0.292357606130872,0.5898188030581869,0.4636200493974042,0,0,0,0,0.3652891405128829,0.5863582052030752,0.4316098599199406,VERIFY,0
305454,2020-10-14 14:55:50,4129767952109660,"fraud_Conroy, Balistreri and Gorczany",health_fitness,17.82,Cheryl,Ballard,F,248 James Squares Apt. 838,Halstad,MN,56548,47.3551,-96.798,771,"Scientist, audiological",1972-06-14,86760f340874656ceb235b9b5d4966a7,1381762550,47.952192,-97.171577,1,14,55.199864209505336,102.9066011232458,14.033947623666343,47.3551,-96.798,1.0,41.0,2020-06-21 05:00:07,91.6,46.860595,-96.363799,0,0,-0.3632406807557152,0.3632406807557152,0.03394762366634296,0.704328496791798,2020-10-14 11:32:47,348.06,46.807366,-97.744501,2020-10-14 11:32:47,348.06,46.807366,-97.744501,12183.0,0,0.051198069151301304,0.049930531942204454,1.2801829869405343,0.8242556971759532,0,0,0,0,0.1952681364619485,0.055422062193681,0.1533143141814683,APPROVE,0
305879,2020-10-14 20:07:19,4129767952109660,"fraud_Hauck, Dietrich and Funk",kids_pets,16.75,Cheryl,Ballard,F,248 James Squares Apt. 838,Halstad,MN,56548,47.3551,-96.798,771,"Scientist, audiological",1972-06-14,046478885da9ca310e5d336f1f4e5c2d,1381781239,47.432818,-97.666585,1,20,55.199864209505336,102.9066011232458,14.033947623666343,47.3551,-96.798,2.0,94.0,2020-06-21 05:00:07,91.6,46.860595,-96.363799,0,0,-0.373638458720617,0.373638458720617,5.966052376333657,0.8720550382567561,2020-10-14 14:55:50,17.82,47.952192,-97.171577,2020-10-14 14:55:50,17.82,47.952192,-97.171577,18689.0,0,0.939955053874576,0.6626648047009635,0.717483290355948,0.5408600160166457,0,0,0,1,0.0757919555124634,0.0322179761357851,0.0627197616994599,APPROVE,0
253916,2020-09-22 02:14:05,4170689372027579,"fraud_Moen, Reinger and Murphy",grocery_pos,245.89,Samuel,Frey,M,830 Myers Plaza Apt. 384,Edmond,OK,73034,35.6665,-97.4798,116001,Media buyer,1993-05-10,34f97da3fe509a3403d056d964cfe750,1379816045,34.761584,-98.315622,1,2,61.91757126122608,162.05010651595794,13.946505271378367,35.6665,-97.4798,4.0,230.0,2020-06-21 10:33:02,1.53,35.023953000000006,-98.009819,0,0,1.13528112729365,1.13528112729365,11.946505271378367,1.2318568840332114,2020-09-22 01:25:18,9.04,36.524317,-96.82184,2020-09-22 01:25:18,9.04,36.524317,-96.82184,2927.0,0,27.20021823006436,3.044522437723423,2.310543722333132,1.1971124424645974,0,0,0,2,0.4428649940300193,0.1885726469038431,0.3665772898921664,VERIFY,0
311149,2020-10-17 18:20:12,4306586894261180,fraud_Thiel Ltd,travel,9.94,Renee,Walls,F,86542 Jessica Fords Apt. 706,Veedersburg,IN,47987,40.1186,-87.2602,4049,"Development worker, community",1959-10-19,9fb87f935852261cb9b45ef27b10b137,1382034012,39.694045,-86.991816,1,18,72.67338613861385,220.14945068630522,10.5009900990099,40.1186,-87.2602,1.0,37.0,2020-06-21 11:16:32,5.11,39.186547,-86.392772,0,0,-0.284958175721481,0.284958175721481,7.4990099009900995,0.5022717585938881,2020-10-17 03:42:30,9.3,40.229222,-87.98786700000001,2020-10-17 03:42:30,9.3,40.229222,-87.98786700000001,52662.0,0,1.0688170893745064,0.7269769895265248,1.130721900349513,0.756460842652689,0,0,0,0,0.0772169513716851,0.0644393614112439,0.0733836743835527,APPROVE,0
311494,2020-10-17 22:04:06,4306586894261180,fraud_Haag-Blanda,food_dining,118.4,Renee,Walls,F,86542 Jessica Fords Apt. 706,Veedersburg,IN,47987,40.1186,-87.2602,4049,"Development worker, community",1959-10-19,3f066aa54c2d841922a65cd269cfcfc2,1382047446,40.58055,-86.873927,1,22,72.67338613861385,220.14945068630522,10.5009900990099,40.1186,-87.2602,0.0,68.0,2020-06-21 11:16:32,5.11,39.186547,-86.392772,1,0,0.20770714399299436,0.20770714399299436,11.4990099009901,0.6021666156712805,2020-10-17 18:20:12,9.94,39.694045,-86.991816,2020-10-17 18:20:12,9.94,39.694045,-86.991816,13434.0,0,11.911467614540484,2.5581158788420733,0.894309192251763,0.638854229725321,0,0,0,2,0.5380956388489414,0.085110258385063,0.4022000247097779,VERIFY,0
311628,2020-10-17 23:36:34,4306586894261180,fraud_Wisozk and Sons,misc_pos,7.73,Renee,Walls,F,86542 Jessica Fords Apt. 706,Veedersburg,IN,47987,40.1186,-87.2602,4049,"Development worker, community",1959-10-19,f5804794030b6c5e7f504c2a114b96eb,1382052994,39.378363,-87.937929,1,23,72.67338613861385,220.14945068630522,10.5009900990099,40.1186,-87.2602,0.0,65.0,2020-06-21 11:16:32,5.11,39.186547,-86.392772,1,0,-0.294996810762685,0.294996810762685,11.5009900990099,1.0036271287734304,2020-10-17 22:04:06,118.4,40.58055,-86.873927,2020-10-17 22:04:06,118.4,40.58055,-86.873927,5548.0,0,0.06528716161075032,0.06324439813157846,1.6054139151549078,0.9575915551571033,1,0,0,2,0.5599451554885791,0.2428900265643332,0.4648286168113053,VERIFY,0
149101,2020-08-11 22:00:57,4335531783520911,fraud_Bashirian Group,shopping_net,1125.06,Amy,Daugherty,F,852 Thomas Well Suite 339,Owensville,MO,65066,38.3511,-91.4867,6703,Naval architect,1998-05-20,10bcbe287fdbeab86b845becb57150bd,1376258457,38.696249,-91.30544,1,22,44.71734530938124,101.67150675158953,15.770459081836327,38.3511,-91.4867,2.0,42.0,2020-06-21 12:08:32,84.1,39.193343,-91.016642,0,0,10.625815221804151,10.625815221804151,6.229540918163673,0.389849996538409,2020-08-11 03:53:44,315.01,37.436188,-91.8161,2020-08-11 03:53:44,315.01,37.436188,-91.8161,65233.0,0,3.571505655149025,1.5198426156660996,1.3596055896181813,0.8584944820277634,0,0,0,1,0.3481152890728751,0.5166927418384166,0.3986885249025376,VERIFY,0
149418,2020-08-11 23:36:04,4335531783520911,fraud_Kassulke PLC,shopping_net,1185.77,Amy,Daugherty,F,852 Thomas Well Suite 339,Owensville,MO,65066,38.3511,-91.4867,6703,Naval architect,1998-05-20,00c9e6a1ecced2ddee7405b419636224,1376264164,39.117126,-91.572039,1,23,44.71734530938124,101.67150675158953,15.770459081836327,38.3511,-91.4867,0.0,42.0,2020-06-21 12:08:32,84.1,39.193343,-91.016642,1,0,11.22293432963061,11.22293432963061,7.229540918163673,0.7707649301810477,2020-08-11 22:59:27,1046.78,38.123875,-91.703268,2020-08-11 22:59:27,1046.78,38.123875,-91.703268,2197.0,0,1.1327786152460129,0.7574256437819564,1.0018825277656054,0.694088001731683,0,0,0,2,0.3283699072877021,0.8135846949577814,0.4739343435887259,VERIFY,0
438561,2020-12-06 13:10:58,4412720572684931,fraud_Shields-Wunsch,health_fitness,17.45,Richard,Marshall,M,295 Page Creek Suite 181,Greenbush,VA,23357,37.7681,-75.6664,776,Psychiatrist,1949-11-17,70f630f6773ecd448049934fc66b8206,1386335458,38.586695,-74.728661,1,13,69.9427079303675,239.48840480908822,11.508704061895552,37.7681,-75.6664,0.0,36.0,2020-06-19 22:24:41,9.28,38.306618,-75.99364200000001,1,0,-0.21918684436111222,0.21918684436111222,1.4912959381044484,1.2447699410517556,2020-12-05 05:32:38,73.68,37.334978,-74.788442,2020-12-05 05:32:38,73.68,37.334978,-74.788442,113900.0,0,0.236834958783456,0.21255566396211473,1.2531437331966346,0.8123264557741209,1,0,0,2,0.0985429210784775,0.0098410305531473,0.0719323539208784,APPROVE,0
135278,2020-08-07 19:46:52,4518350514020532,fraud_Hamill-D'Amore,health_fitness,18.86,Christopher,Gregory,M,9579 Porter Tunnel,Wauchula,FL,33873,27.5517,-81.8074,14742,Teaching laboratory technician,1993-02-26,96ad34b53904db8c40cf30b61ea17705,1375904812,28.384954,-80.841678,1,19,50.850815109343934,76.12903416906086,13.695825049701789,27.5517,-81.8074,1.0,66.0,2020-06-21 09:29:10,77.01,28.033844,-81.436688,0,0,-0.42021831799524934,0.42021831799524934,5.304174950298211,1.2755121362809527,2020-08-07 02:44:10,695.52,27.407403,-82.662143,2020-08-07 02:44:10,695.52,27.407403,-82.662143,61362.0,0,0.02711640207741488,0.02675526637125081,2.0663249439103226,1.1204797578443622,0,0,0,1,0.1410898884956815,0.1762172043426758,0.1516280832497798,APPROVE,0
135478,2020-08-07 21:25:57,4518350514020532,fraud_Hoppe-Parisian,kids_pets,21.16,Christopher,Gregory,M,9579 Porter Tunnel,Wauchula,FL,33873,27.5517,-81.8074,14742,Teaching laboratory technician,1993-02-26,12424e1052efb80b67270176a0dd1b30,1375910757,26.693036,-82.674109,1,21,50.850815109343934,76.12903416906086,13.695825049701789,27.5517,-81.8074,1.0,72.0,2020-06-21 09:29:10,77.01,28.033844,-81.436688,0,0,-0.3900064547437007,0.3900064547437007,7.304174950298211,1.220036210764665,2020-08-07 19:46:52,18.86,28.384954,-80.841678,2020-08-07 19:46:52,18.86,28.384954,-80.841678,5945.0,0,1.1219511600237986,0.7523360239155139,2.4940709469630176,1.2510675168757817,0,0,0,1,0.1018125599804561,0.0643709649667652,0.0905800814763488,APPROVE,0
135622,2020-08-07 22:34:29,4518350514020532,fraud_Smith-Stokes,misc_pos,10.46,Christopher,Gregory,M,9579 Porter Tunnel,Wauchula,FL,33873,27.5517,-81.8074,14742,Teaching laboratory technician,1993-02-26,f0edef50e41d8354cc6f55dab491d23a,1375914869,26.780913,-80.919804,1,22,50.850815109343934,76.12903416906086,13.695825049701789,27.5517,-81.8074,1.0,65.0,2020-06-21 09:29:10,77.01,28.033844,-81.436688,0,0,-0.530557296826992,0.530557296826992,8.304174950298211,1.17555912594178,2020-08-07 21:25:57,21.16,26.693036,-82.674109,2020-08-07 21:25:57,21.16,26.693036,-82.674109,4112.0,0,0.49432889913379496,0.4016772091578022,1.7565045972481848,1.0139634268307869,0,0,0,1,0.2206413547615922,0.1773773850957725,0.2076621638618463,APPROVE,0
135676,2020-08-07 22:59:19,4518350514020532,fraud_Herman Inc,misc_pos,7.8,Christopher,Gregory,M,9579 Porter Tunnel,Wauchula,FL,33873,27.5517,-81.8074,14742,Teaching laboratory technician,1993-02-26,a2be7e96f8b9302f6ea62a4bf0aeaffa,1375916359,27.908464,-81.273777,1,22,50.850815109343934,76.12903416906086,13.695825049701789,27.5517,-81.8074,0.0,65.0,2020-06-21 09:29:10,77.01,28.033844,-81.436688,1,0,-0.5654979734570439,0.5654979734570439,8.304174950298211,0.6418987909515058,2020-08-07 22:34:29,10.46,26.780913,-80.919804,2020-08-07 22:34:29,10.46,26.780913,-80.919804,1490.0,0,0.7456978254590989,0.5571543756922668,1.1818071510741466,0.7801535017791119,0,0,0,1,0.2891683872874653,0.3128836029056216,0.2962829519729122,APPROVE,0
466344,2020-12-12 14:31:37,4607072969078276,"fraud_O'Reilly, Mohr and Purdy",home,236.42,Brenda,Perez,F,033 Tara Brook Suite 523,Coyle,OK,73027,35.8985,-97.2607,1493,Amenity horticulturist,1985-03-21,c47871718bf732766cf638b1068bd9ab,1386858697,35.306471,-97.40572,1,14,54.72203423304806,200.58501144620365,14.074391046741278,35.8985,-97.26070000000001,3.0,142.0,2020-06-20 22:53:22,5.39,35.205599,-96.676251,0,0,0.9058401899079216,0.9058401899079216,0.07439104674127783,0.6095319001012108,2020-12-12 01:57:10,956.58,36.419555,-98.121448,2020-12-12 01:57:10,956.58,36.419555,-98.121448,45267.0,0,0.24715130961639242,0.22086199824341923,1.323337659495867,0.8430047981524602,0,0,0,0,0.1684777377261278,0.0526121951611179,0.1337180749566248,APPROVE,0
467238,2020-12-12 19:13:37,4607072969078276,"fraud_Kihn, Brakus and Goyette",personal_care,21.71,Brenda,Perez,F,033 Tara Brook Suite 523,Coyle,OK,73027,35.8985,-97.2607,1493,Amenity horticulturist,1985-03-21,1d0ceeca17bbfa0dc5f4a6652440a39e,1386875617,36.260217,-97.095572,1,19,54.72203423304806,200.58501144620365,14.074391046741278,35.8985,-97.26070000000001,3.0,108.0,2020-06-20 22:53:22,5.39,35.205599,-96.676251,0,0,-0.16457876802685745,0.16457876802685745,4.925608953258722,0.3976260108104126,2020-12-12 14:31:37,236.42,35.306471,-97.40572,2020-12-12 14:31:37,236.42,35.306471,-97.40572,16920.0,0,0.09182810214098595,0.08785344930976619,1.0029073807784994,0.6945998153641931,0,0,0,0,0.1859372647063656,0.0307810321697673,0.1393903949453861,APPROVE,0
467434,2020-12-12 20:21:39,4607072969078276,fraud_Conroy-Emard,food_dining,146.09,Brenda,Perez,F,033 Tara Brook Suite 523,Coyle,OK,73027,35.8985,-97.2607,1493,Amenity horticulturist,1985-03-21,f320ea7390c46c272b89334f14691733,1386879699,35.165522,-96.619586,1,20,54.72203423304806,200.58501144620365,14.074391046741278,35.8985,-97.26070000000001,3.0,100.0,2020-06-20 22:53:22,5.39,35.205599,-96.676251,0,0,0.45550744122249204,0.45550744122249204,5.925608953258722,0.9737987006974358,2020-12-12 19:13:37,21.71,36.260217,-97.095572,2020-12-12 19:13:37,21.71,36.260217,-97.095572,4082.0,0,6.729156760517882,2.044999770040659,1.1937000524507795,0.7855896398592367,0,0,0,2,0.081140119823371,0.0059590049258597,0.0585857853541176,APPROVE,0
467739,2020-12-12 22:19:18,4607072969078276,fraud_Skiles LLC,home,230.99,Brenda,Perez,F,033 Tara Brook Suite 523,Coyle,OK,73027,35.8985,-97.2607,1493,Amenity horticulturist,1985-03-21,d65b2a2334591a29b5110306ba39712c,1386886758,36.568076,-97.975869,1,22,54.72203423304806,200.58501144620365,14.074391046741278,35.8985,-97.26070000000001,3.0,142.0,2020-06-20 22:53:22,5.39,35.205599,-96.676251,0,0,0.8787693737298868,0.8787693737298868,7.925608953258722,0.9796931756100902,2020-12-12 20:21:39,146.09,35.165522,-96.619586,2020-12-12 20:21:39,146.09,35.165522,-96.619586,7059.0,0,1.581148596199955,0.9482344921903887,1.9510667079843782,1.0821667009185847,0,0,0,1,0.6731726454392356,0.084380082746762,0.4965348766314935,VERIFY,0
468012,2020-12-12 23:51:56,4607072969078276,fraud_Gaylord-Powlowski,home,214.51,Brenda,Perez,F,033 Tara Brook Suite 523,Coyle,OK,73027,35.8985,-97.2607,1493,Amenity horticulturist,1985-03-21,8a3ee25bc088a144900b13f3263b6cc6,1386892316,36.509993,-98.234417,1,23,54.72203423304806,200.58501144620365,14.074391046741278,35.8985,-97.26070000000001,3.0,142.0,2020-06-20 22:53:22,5.39,35.205599,-96.676251,0,0,0.7966096959004183,0.7966096959004183,8.925608953258722,1.1498036724319345,2020-12-12 23:39:16,552.04,35.420831,-98.207166,2020-12-12 23:39:16,552.04,35.420831,-98.207166,760.0,0,0.3885769140124322,0.3282794198297074,1.089502858759445,0.7369261710596926,0,0,0,1,0.3927874763860601,0.3507240303923076,0.3801684425879343,VERIFY,0
473378,2020-12-13 23:47:56,4607072969078276,fraud_Adams-Barrows,health_fitness,19.86,Brenda,Perez,F,033 Tara Brook Suite 523,Coyle,OK,73027,35.8985,-97.2607,1493,Amenity horticulturist,1985-03-21,a0d54aedbccbe91ce09b6250ee188b68,1386978476,35.953568,-97.58238,1,23,54.72203423304806,200.58501144620365,14.074391046741278,35.8985,-97.26070000000001,3.0,83.0,2020-06-20 22:53:22,5.39,35.205599,-96.676251,0,0,-0.17380179011329655,0.17380179011329655,8.925608953258722,0.3263594751558335,2020-12-13 22:44:03,19.34,35.330601,-97.054923,2020-12-13 22:44:03,19.34,35.330601,-97.054923,3833.0,0,1.0268872271516427,0.7065012305751655,0.8162712600220546,0.5967856412830171,0,0,0,0,0.6935212844260015,0.0547026925999497,0.501875706878186,VERIFY,0
155849,2020-08-15 02:08:03,4634955908138648,fraud_Botsford Ltd,shopping_pos,1319.97,Mackenzie,Smith,F,7178 Willis Drive,Hooper,NE,68031,41.6414,-96.5232,1745,"Engineer, automotive",1973-12-26,3f039e6f6df9f883e39f3b7b6b782a9c,1376532483,42.276801,-95.911843,1,2,61.77780166096727,304.9902051790919,14.032730825598437,41.6414,-96.5232,5.0,206.0,2020-06-21 05:24:51,77.45,40.918451,-95.675481,0,0,4.125352791165417,4.125352791165417,11.967269174401563,0.8817549615681217,2020-08-14 21:43:44,23.72,41.607136,-97.108862,2020-08-14 21:43:44,23.72,41.607136,-97.108862,15859.0,0,55.64797404519503,3.044522437723423,1.371606976719642,0.8635677746243005,0,1,0,3,0.3806106407937817,0.708812986452516,0.479071344491402,VERIFY,0
157725,2020-08-15 22:30:12,4634955908138648,fraud_Watsica LLC,personal_care,15.99,Mackenzie,Smith,F,7178 Willis Drive,Hooper,NE,68031,41.6414,-96.5232,1745,"Engineer, automotive",1973-12-26,48a464f2d34e5923491ef734cb8718a3,1376605812,40.977626,-96.840625,1,22,61.77780166096727,304.9902051790919,14.032730825598437,41.6414,-96.5232,4.0,146.0,2020-06-21 05:24:51,77.45,40.918451,-95.675481,0,0,-0.15012876063987585,0.15012876063987585,7.967269174401563,0.7357680026346589,2020-08-15 02:08:03,1319.97,42.276801,-95.911843,2020-08-15 02:08:03,1319.97,42.276801,-95.911843,73329.0,0,0.01211391167063349,0.012041125470127763,1.5970258871255005,0.9543669007193017,0,0,0,0,0.3727347083146663,0.2110353180934912,0.3242248912483138,VERIFY,0
157874,2020-08-15 23:53:47,4634955908138648,fraud_Bednar Inc,travel,9.82,Mackenzie,Smith,F,7178 Willis Drive,Hooper,NE,68031,41.6414,-96.5232,1745,"Engineer, automotive",1973-12-26,7cfcc3afad4b11ef42da312b6e13ac34,1376610827,41.246638,-95.882514,1,23,61.77780166096727,304.9902051790919,14.032730825598437,41.6414,-96.5232,0.0,41.0,2020-06-21 05:24:51,77.45,40.918451,-95.675481,1,0,-0.17035891844493317,0.17035891844493317,8.967269174401563,0.7525394257047288,2020-08-15 22:30:12,15.99,40.977626,-96.840625,2020-08-15 22:30:12,15.99,40.977626,-96.840625,5015.0,0,0.614133795238662,0.47879846309024654,0.99516036118055,0.6907244286555388,0,0,0,1,0.5694061400141053,0.2290515541874417,0.4672997642661062,VERIFY,0
159549,2020-08-16 13:56:37,4634955908138648,"fraud_Koss, Hansen and Lueilwitz",home,279.58,Mackenzie,Smith,F,7178 Willis Drive,Hooper,NE,68031,41.6414,-96.5232,1745,"Engineer, automotive",1973-12-26,ec1d85bee388303f228e0d9bbcaf8d9c,1376661397,41.279237,-97.31847,1,13,61.77780166096727,304.9902051790919,14.032730825598437,41.6414,-96.5232,3.0,199.0,2020-06-21 05:24:51,77.45,40.918451,-95.675481,0,0,0.7141284996251259,0.7141284996251259,1.0327308255984367,0.8738514813565289,2020-08-16 03:47:15,12.78,41.222315,-96.6971,2020-08-16 03:47:15,12.78,41.222315,-96.6971,36562.0,0,21.8763676153077,3.044522437723423,0.6239717870096361,0.48487486905756977,0,0,0,2,0.320494637408287,0.0137341735141458,0.2284664982400446,APPROVE,0
125496,2020-08-03 22:50:41,4653879239169997,fraud_Towne LLC,misc_pos,8.77,Monica,Tucker,F,302 Christina Islands,Smiths Grove,KY,42171,37.0581,-86.1938,6841,"Therapist, sports",1999-06-06,a615441e7642b7d1c9983da976cbb919,1375570241,37.810239,-85.76572,1,22,47.17054602184087,112.9864189947938,15.132605304212168,37.0581,-86.1938,2.0,167.0,2020-06-21 03:34:41,27.42,36.758863,-85.888267,0,0,-0.33986868531289244,0.33986868531289244,6.867394695787832,0.8654279644898207,2020-08-03 12:52:43,790.4,36.235864,-86.328506,2020-08-03 12:52:43,790.4,36.235864,-86.328506,35878.0,0,0.011095647759241337,0.011034542644713208,1.6719404063605299,0.9828049524168998,0,0,0,1,0.2268936232105976,0.1065808230169843,0.1907997831525136,APPROVE,0
125550,2020-08-03 23:09:37,4653879239169997,fraud_Stiedemann Inc,misc_pos,7.12,Monica,Tucker,F,302 Christina Islands,Smiths Grove,KY,42171,37.0581,-86.1938,6841,"Therapist, sports",1999-06-06,3cabfad01b01b8a9a1d4f4c7409da15d,1375571377,36.067928,-86.989377,1,23,47.17054602184087,112.9864189947938,15.132605304212168,37.0581,-86.1938,6.0,167.0,2020-06-21 03:34:41,27.42,36.758863,-85.888267,0,0,-0.35447221023275477,0.35447221023275477,7.867394695787832,1.2701902820101467,2020-08-03 22:50:41,8.77,37.810239,-85.76572,2020-08-03 22:50:41,8.77,37.810239,-85.76572,1136.0,0,0.81185851632172,0.5943531230721141,2.1290805701922157,1.1407392138573786,0,0,0,1,0.1680948371156211,0.1019392980696812,0.1482481754018391,APPROVE,0
129504,2020-08-04 23:29:46,4653879239169997,"fraud_Konopelski, Schneider and Hartmann",food_dining,127.66,Monica,Tucker,F,302 Christina Islands,Smiths Grove,KY,42171,37.0581,-86.1938,6841,"Therapist, sports",1999-06-06,a8738ad969a14c55629f3bb103358845,1375658986,37.553385,-86.986312,1,23,47.17054602184087,112.9864189947938,15.132605304212168,37.0581,-86.1938,4.0,228.0,2020-06-21 03:34:41,27.42,36.758863,-85.888267,0,0,0.7123816648219135,0.7123816648219135,7.867394695787832,0.9345493573744508,2020-08-04 23:24:19,891.63,36.663875,-86.737973,2020-08-04 23:24:19,891.63,36.663875,-86.737973,327.0,0,0.1431759809078026,0.13381033701024703,0.9235260142632707,0.6541599675602819,0,0,0,1,0.2354364811257033,0.115331155806618,0.1994048835299777,APPROVE,0
184773,2020-08-24 22:50:18,4658490815480264,"fraud_Dare, Casper and Bartoletti",kids_pets,3.15,Tara,Richards,F,4879 Cristina Station,Keisterville,PA,15449,39.9636,-79.7853,184,Systems developer,1945-11-04,cf35d991aa752438506a96ee5f56dbf4,1377384618,39.105117,-80.51218100000001,1,22,63.39064015518914,127.01858806107896,11.449563530552862,39.9636,-79.7853,4.0,186.0,2020-06-21 02:20:17,14.37,39.558388,-79.674398,0,0,-0.47426633062520834,0.47426633062520834,10.550436469447138,1.124877348625177,2020-08-24 22:46:43,748.26,40.654987,-80.33908000000001,2020-08-24 22:46:43,748.26,40.654987,-80.33908000000001,215.0,1,0.004209766653021989,0.00420093037581523,1.5595066441349317,0.9398145227843456,0,0,0,2,0.1907086210099951,0.5062279628093215,0.285364423549793,APPROVE,0
105325,2020-07-27 21:20:53,4671727014157745,fraud_Block-Hauck,travel,5.26,Kenneth,Edwards,M,3653 Ryan Crossroad,Andrews,IN,46702,40.8618,-85.6067,2304,Retail banker,1955-07-25,c454f9730fbbe00ce5f2f5376ff29d00,1374960053,40.176601,-85.627122,1,21,57.67727272727272,75.7205645730248,11.19941348973607,40.8618,-85.6067,1.0,71.0,2020-06-21 06:28:16,63.64,41.539463,-85.60427800000001,0,0,-0.6922461861001499,0.6922461861001499,9.80058651026393,0.6855032659914946,2020-07-26 17:40:24,19.9,41.158681,-85.329039,2020-07-26 17:40:24,19.9,41.158681,-85.329039,99629.0,0,0.2643215947577088,0.23453568959616522,1.0263209056084797,0.7062217869698538,0,0,0,0,0.0153261167097521,0.1187724120502086,0.0463600053118891,APPROVE,0
501393,2020-12-20 08:44:09,4716561796955522,fraud_Barrows PLC,shopping_pos,866.79,Lauren,Anderson,F,11014 Chad Lake Apt. 573,Heart Butte,MT,59448,48.2777,-112.8456,743,Water engineer,1972-05-04,74234f31e8ca08c6e91f2802c1b26c8e,1387529049,48.597303,-113.447021,1,8,51.47856213402733,104.0616890194923,14.004879635653872,48.2777,-112.8456,5.0,314.0,2020-06-21 10:21:32,11.22,48.846628,-112.174017,0,0,7.834885611729471,7.834885611729471,6.004879635653872,0.6810677623041619,2020-12-19 23:39:00,65.54,48.857975,-112.407447,2020-12-19 23:39:00,65.54,48.857975,-112.407447,32709.0,0,13.225358357867586,2.655026171812308,1.0717574320059589,0.7283972480488748,0,0,0,2,0.5756669966918365,0.2035836192937655,0.4640419834724152,VERIFY,0
504945,2020-12-20 22:44:39,4716561796955522,fraud_Erdman-Schaden,personal_care,23.92,Lauren,Anderson,F,11014 Chad Lake Apt. 573,Heart Butte,MT,59448,48.2777,-112.8456,743,Water engineer,1972-05-04,d4ab00b75d1e7d6dc5288348049c7d2c,1387579479,47.456575,-112.867601,1,22,51.47856213402733,104.0616890194923,14.004879635653872,48.2777,-112.8456,9.0,225.0,2020-06-21 10:21:32,11.22,48.846628,-112.174017,0,0,-0.26482908483290246,0.26482908483290246,7.995120364346128,0.8214196915255946,2020-12-20 08:44:09,866.79,48.597303,-113.447021,2020-12-20 08:44:09,866.79,48.597303,-113.447021,50430.0,0,0.027596072834716517,0.027222164559559055,1.2794482820278454,0.8239334321173517,0,0,0,1,0.3515909404815756,0.338835260366806,0.3477642364471447,VERIFY,0
505085,2020-12-20 23:16:37,4716561796955522,fraud_Emmerich-Rau,personal_care,19.27,Lauren,Anderson,F,11014 Chad Lake Apt. 573,Heart Butte,MT,59448,48.2777,-112.8456,743,Water engineer,1972-05-04,6c8614ea571c5b5c870fc23047412d1c,1387581397,48.391178,-111.997173,1,23,51.47856213402733,104.0616890194923,14.004879635653872,48.2777,-112.8456,10.0,225.0,2020-06-21 10:21:32,11.22,48.846628,-112.174017,0,0,-0.3095141173278484,0.3095141173278484,8.995120364346128,0.8559822608050941,2020-12-20 22:44:39,23.92,47.456575,-112.867601,2020-12-20 22:44:39,23.92,47.456575,-112.867601,1918.0,0,0.8056019730099508,0.590894039237667,1.2771560870907572,0.8229273341791694,0,0,0,1,0.4742595715369532,0.1452004405014218,0.3755418322262937,VERIFY,0
505195,2020-12-20 23:39:40,4716561796955522,fraud_Renner Ltd,home,168.06,Lauren,Anderson,F,11014 Chad Lake Apt. 573,Heart Butte,MT,59448,48.2777,-112.8456,743,Water engineer,1972-05-04,e90fd1b484aeaadc987ef461de9ffaad,1387582780,48.548617,-113.546774,1,23,51.47856213402733,104.0616890194923,14.004879635653872,48.2777,-112.8456,4.0,277.0,2020-06-21 10:21:32,11.22,48.846628,-112.174017,0,0,1.120310825666345,1.120310825666345,8.995120364346128,0.7516920906627865,2020-12-20 23:16:37,19.27,48.391178,-111.997173,2020-12-20 23:16:37,19.27,48.391178,-111.997173,1383.0,0,8.72132803729486,2.274322238490731,1.5575783440719722,0.9390608514426815,0,0,0,1,0.0681304879513171,0.280963302937962,0.1319803324473105,APPROVE,0
511244,2020-12-21 22:38:38,4716561796955522,fraud_Quitzon-Goyette,home,209.84,Lauren,Anderson,F,11014 Chad Lake Apt. 573,Heart Butte,MT,59448,48.2777,-112.8456,743,Water engineer,1972-05-04,7cde9b7604a025e251756a4bc9615888,1387665518,49.173669,-112.698767,1,22,51.47856213402733,104.0616890194923,14.004879635653872,48.2777,-112.8456,8.0,277.0,2020-06-21 10:21:32,11.22,48.846628,-112.174017,0,0,1.521803440212332,1.521803440212332,7.995120364346128,0.9079209100191432,2020-12-21 02:36:03,859.12,48.272348,-112.328075,2020-12-21 02:36:03,859.12,48.272348,-112.328075,72155.0,0,0.24424992987679262,0.21853288239871307,0.9745727801990964,0.6803520611306334,0,0,0,1,0.3081563427140499,0.4559838123628652,0.3525045836086945,VERIFY,0
511272,2020-12-21 22:42:11,4716561796955522,fraud_Schulist Ltd,food_dining,123.58,Lauren,Anderson,F,11014 Chad Lake Apt. 573,Heart Butte,MT,59448,48.2777,-112.8456,743,Water engineer,1972-05-04,daabc7ccf6ccf2c85c1f6186ca11193a,1387665731,48.913048,-113.214921,1,22,51.47856213402733,104.0616890194923,14.004879635653872,48.2777,-112.8456,6.0,193.0,2020-06-21 10:21:32,11.22,48.846628,-112.174017,0,0,0.6928720632200669,0.6928720632200669,7.995120364346128,0.7348912042914925,2020-12-21 22:38:38,209.84,49.173669,-112.698767,2020-12-21 22:38:38,209.84,49.173669,-112.698767,213.0,1,0.5889248923516732,0.46305761919495125,0.5782199039785787,0.45629756884796513,0,0,0,1,0.4886133073098592,0.1161302092086399,0.3768683778794934,VERIFY,0
511374,2020-12-21 22:59:22,4716561796955522,fraud_Botsford and Sons,home,219.11,Lauren,Anderson,F,11014 Chad Lake Apt. 573,Heart Butte,MT,59448,48.2777,-112.8456,743,Water engineer,1972-05-04,4de4d5177b9b5c2054a638583ba63a3d,1387666762,47.911219,-113.691603,1,22,51.47856213402733,104.0616890194923,14.004879635653872,48.2777,-112.8456,5.0,277.0,2020-06-21 10:21:32,11.22,48.846628,-112.174017,0,0,1.6108852146699983,1.6108852146699983,7.995120364346128,0.9219703896384056,2020-12-21 22:42:11,123.58,48.913048,-113.214921,2020-12-21 22:42:11,123.58,48.913048,-113.214921,1031.0,0,1.7730215101713749,1.019937523607297,1.109453502570071,0.746428910419477,0,0,0,1,0.4670139022715125,0.3111640020907843,0.420258932217294,VERIFY,0
85764,2020-07-20 22:33:01,4874017206859125,"fraud_Eichmann, Hayes and Treutel",travel,9.09,Lauren,Williams,F,065 Jones Stravenue,Lake Oswego,OR,97034,45.4093,-122.6847,42817,Planning and development surveyor,1982-05-28,7d55362d89494d73b0d06f749b766960,1374359581,45.517912,-122.373091,1,22,87.62367048346056,129.81077160975738,13.92557251908397,45.4093,-122.6847,2.0,42.0,2020-06-20 21:01:00,4.98,44.999903,-122.133223,0,0,-0.6049857720171791,0.6049857720171791,8.07442748091603,0.32999505363717624,2020-07-20 01:36:36,340.67,46.125588,-123.173937,2020-07-20 01:36:36,340.67,46.125588,-123.173937,75385.0,0,0.026682713398060547,0.026332938128403132,1.005298182974577,0.6957927693889244,0,0,0,0,0.4449597816756068,0.4595286112888651,0.4493304305595843,VERIFY,0
86102,2020-07-21 00:22:06,4874017206859125,fraud_Stamm-Rodriguez,misc_pos,7.09,Lauren,Williams,F,065 Jones Stravenue,Lake Oswego,OR,97034,45.4093,-122.6847,42817,Planning and development surveyor,1982-05-28,828bdfa0f152a6fafa5606d50909199b,1374366126,46.005943,-123.597116,1,0,87.62367048346056,129.81077160975738,13.92557251908397,45.4093,-122.6847,4.0,97.0,2020-06-20 21:01:00,4.98,44.999903,-122.133223,0,0,-0.6203928138195762,0.6203928138195762,10.07442748091603,1.0901769702690423,2020-07-20 23:45:28,274.01,44.510266,-122.022782,2020-07-20 23:45:28,274.01,44.510266,-122.022782,2198.0,0,0.02587496797242813,0.02554587574797762,2.1715379876679526,1.154216639843809,0,0,0,1,0.4923551352110422,0.3276039677810183,0.442929784982035,VERIFY,0
214610,2020-09-05 13:56:35,4904681492230012,"fraud_Witting, Beer and Ernser",home,257.34,Lisa,Lowe,F,574 David Locks Suite 207,Cottekill,NY,12419,41.8467,-74.1038,722,Comptroller,1990-10-19,74bf1be8d2ef420c863b8925ece7caf5,1378389395,40.900099,-74.54215500000001,1,13,57.69420355411955,146.9702117697474,14.012600969305332,41.8467,-74.1038,4.0,301.0,2020-06-21 12:06:12,29.91,42.819507,-74.21125699999999,0,0,1.3584099300356722,1.3584099300356722,1.012600969305332,1.043172353557169,2020-09-05 01:06:29,971.34,42.413119,-73.73496999999999,2020-09-05 01:06:29,971.34,42.413119,-73.73496999999999,46206.0,0,0.2649329789106461,0.2350191396776321,1.7148694249490375,0.9987438582879254,0,0,0,1,0.3475867385143807,0.1996800651342473,0.3032147365003407,APPROVE,0
215365,2020-09-05 22:09:49,4904681492230012,"fraud_McLaughlin, Armstrong and Koepp",travel,10.51,Lisa,Lowe,F,574 David Locks Suite 207,Cottekill,NY,12419,41.8467,-74.1038,722,Comptroller,1990-10-19,0b4ad693bc430ca82becea9cbc8e0411,1378418989,41.744075,-73.76485600000001,1,22,57.69420355411955,146.9702117697474,14.012600969305332,41.8467,-74.1038,3.0,68.0,2020-06-21 12:06:12,29.91,42.819507,-74.21125699999999,0,0,-0.3210460314706166,0.3210460314706166,7.987399030694668,0.354139698086783,2020-09-05 13:56:35,257.34,40.900099,-74.54215500000001,2020-09-05 13:56:35,257.34,40.900099,-74.54215500000001,29594.0,0,0.04084091069852759,0.040028954417648456,1.147383642892388,0.7642501908203989,0,0,0,0,0.4458703084564521,0.2584527079920089,0.3896450283171191,VERIFY,0
215500,2020-09-05 23:22:16,4904681492230012,fraud_Hoppe-Parisian,kids_pets,19.01,Lisa,Lowe,F,574 David Locks Suite 207,Cottekill,NY,12419,41.8467,-74.1038,722,Comptroller,1990-10-19,6f7faaf0d16af83b12d8555fd8946df5,1378423336,41.073355,-75.089736,1,23,57.69420355411955,146.9702117697474,14.012600969305332,41.8467,-74.1038,8.0,264.0,2020-06-21 12:06:12,29.91,42.819507,-74.21125699999999,0,0,-0.26321118289952133,0.26321118289952133,8.987399030694668,1.2530491950123064,2020-09-05 22:09:49,10.51,41.744075,-73.76485600000001,2020-09-05 22:09:49,10.51,41.744075,-73.76485600000001,4347.0,0,1.8087533959321225,1.0327407535712763,1.4849822668301416,0.9102655234386801,0,0,0,1,0.5730724032215598,0.0920307853740299,0.4287599178673008,VERIFY,0
216330,2020-09-06 08:27:32,4904681492230012,fraud_Cummerata-Jones,gas_transport,8.44,Lisa,Lowe,F,574 David Locks Suite 207,Cottekill,NY,12419,41.8467,-74.1038,722,Comptroller,1990-10-19,de684c3b45f4afce430ec3c99b5b13a0,1378456052,41.432986,-73.50419699999999,1,8,57.69420355411955,146.9702117697474,14.012600969305332,41.8467,-74.1038,10.0,438.0,2020-06-21 12:06:12,29.91,42.819507,-74.21125699999999,0,0,-0.33513051812263633,0.33513051812263633,6.012600969305332,0.7284799457809517,2020-09-06 03:36:28,1028.83,42.232969,-73.14705,2020-09-06 03:36:28,1028.83,42.232969,-73.14705,17464.0,0,0.008203493280519138,0.008170027528987418,0.8760860573585191,0.6291877223242961,0,0,0,0,0.5405413629416375,0.1070006134823192,0.4104791381038419,VERIFY,0
216395,2020-09-06 09:20:14,4904681492230012,"fraud_Jones, Sawayn and Romaguera",misc_net,845.29,Lisa,Lowe,F,574 David Locks Suite 207,Cottekill,NY,12419,41.8467,-74.1038,722,Comptroller,1990-10-19,e78442561f2d1b0385e6467e7a69a5bc,1378459214,42.105808,-74.760566,1,9,57.69420355411955,146.9702117697474,14.012600969305332,41.8467,-74.1038,6.0,149.0,2020-06-21 12:06:12,29.91,42.819507,-74.21125699999999,0,0,5.358880426197494,5.358880426197494,5.012600969305332,0.7060301228842788,2020-09-06 08:27:32,8.44,41.432986,-73.50419699999999,2020-09-06 08:27:32,8.44,41.432986,-73.50419699999999,3162.0,0,100.15283173544648,3.044522437723423,1.425185078452978,0.8859078424886836,0,0,0,2,0.5385125704746075,0.3202687148271778,0.4730394137803786,VERIFY,0
217750,2020-09-06 20:02:54,4904681492230012,"fraud_Koss, Hansen and Lueilwitz",home,279.9,Lisa,Lowe,F,574 David Locks Suite 207,Cottekill,NY,12419,41.8467,-74.1038,722,Comptroller,1990-10-19,d080700bc549361862602ec092171037,1378497774,41.120673,-74.98668599999999,1,20,57.69420355411955,146.9702117697474,14.012600969305332,41.8467,-74.1038,6.0,301.0,2020-06-21 12:06:12,29.91,42.819507,-74.21125699999999,0,0,1.511910422243191,1.511910422243191,5.987399030694668,1.143067318107283,2020-09-06 09:20:14,845.29,42.105808,-74.760566,2020-09-06 09:20:14,845.29,42.105808,-74.760566,38560.0,0,0.331128961266395,0.28602742522757807,1.010752799959026,0.6985091792959249,0,0,0,1,0.3928964282761339,0.2950220806445368,0.3635341239866547,VERIFY,0
218014,2020-09-06 22:04:35,4904681492230012,"fraud_Langosh, Wintheiser and Hyatt",food_dining,142.55,Lisa,Lowe,F,574 David Locks Suite 207,Cottekill,NY,12419,41.8467,-74.1038,722,Comptroller,1990-10-19,3bd862f7ed25b225e2d89bf709e740c2,1378505075,41.255566,-73.838755,1,22,57.69420355411955,146.9702117697474,14.012600969305332,41.8467,-74.1038,5.0,199.0,2020-06-21 12:06:12,29.91,42.819507,-74.21125699999999,0,0,0.5773673103326099,0.5773673103326099,7.987399030694668,0.6478335110049467,2020-09-06 20:02:54,279.9,41.120673,-74.98668599999999,2020-09-06 20:02:54,279.9,41.120673,-74.98668599999999,7301.0,0,0.5092890299775312,0.41163869887188553,1.1558294433911815,0.7681755420284943,0,0,0,0,0.4030169801271389,0.1040532593638981,0.3133278638981667,VERIFY,0
218091,2020-09-06 22:40:31,4904681492230012,fraud_Bartoletti and Sons,personal_care,18.42,Lisa,Lowe,F,574 David Locks Suite 207,Cottekill,NY,12419,41.8467,-74.1038,722,Comptroller,1990-10-19,7cff219a1b22e7a8c3e578d34f2d1a3c,1378507231,42.244157,-73.789777,1,22,57.69420355411955,146.9702117697474,14.012600969305332,41.8467,-74.1038,5.0,230.0,2020-06-21 12:06:12,29.91,42.819507,-74.21125699999999,0,0,-0.2672256018003385,0.2672256018003385,7.987399030694668,0.5065397431376989,2020-09-06 22:25:43,493.98,42.39999,-73.87866700000001,2020-09-06 22:25:43,493.98,42.39999,-73.87866700000001,888.0,0,0.037288958991681935,0.036610539411416385,0.1794027758676033,0.1650081882084287,0,0,0,0,0.5929661803721153,0.1652422652928271,0.4646490058483288,VERIFY,0
218136,2020-09-06 22:58:53,4904681492230012,"fraud_Larson, Quitzon and Spencer",travel,10.18,Lisa,Lowe,F,574 David Locks Suite 207,Cottekill,NY,12419,41.8467,-74.1038,722,Comptroller,1990-10-19,21361aa201ba97e2660545448d207303,1378508333,41.893202,-74.272708,1,22,57.69420355411955,146.9702117697474,14.012600969305332,41.8467,-74.1038,4.0,68.0,2020-06-21 12:06:12,29.91,42.819507,-74.21125699999999,0,0,-0.3232913844151415,0.3232913844151415,7.987399030694668,0.17519231851880998,2020-09-06 22:40:31,18.42,42.244157,-73.789777,2020-09-06 22:40:31,18.42,42.244157,-73.789777,1102.0,0,0.5526601220054221,0.43996966767486534,0.5969855632978013,0.4681178293033499,0,0,0,0,0.3950342790847885,0.268775604293603,0.3571566766474328,VERIFY,0
92597,2020-07-23 11:53:38,4961003488432306,fraud_Koss and Sons,gas_transport,17.26,Stacy,Walsh,F,324 Donna Ridge Suite 651,Cressona,PA,17929,40.6284,-76.195,1606,Ecologist,1966-05-10,44e57c93ac453786ee5fe4b9c09d113e,1374580418,41.274733000000005,-75.80236500000001,1,11,59.122504873294346,112.79092314484275,11.45224171539961,40.6284,-76.195,1.0,147.0,2020-06-21 06:04:50,65.51,40.630607,-76.531873,0,0,-0.37115135983402137,0.37115135983402137,0.45224171539961056,0.7562463818848952,2020-07-23 01:24:03,21.45,41.452924,-76.696611,2020-07-23 01:24:03,21.45,41.452924,-76.696611,37775.0,0,0.8046619671486263,0.590373298428603,0.9118267055734829,0.6480591753612829,0,0,0,0,0.6418606066772153,0.0165656301482274,0.4542721137185189,VERIFY,0
93670,2020-07-23 22:30:36,4961003488432306,fraud_Haley Group,misc_pos,49.79,Stacy,Walsh,F,324 Donna Ridge Suite 651,Cressona,PA,17929,40.6284,-76.195,1606,Ecologist,1966-05-10,c29e6f0398c744e7c9a39f957c5811b6,1374618636,40.463873,-75.881064,1,22,59.122504873294346,112.79092314484275,11.45224171539961,40.6284,-76.195,1.0,51.0,2020-06-21 06:04:50,65.51,40.630607,-76.531873,0,0,-0.08274162964840878,0.08274162964840878,10.54775828460039,0.3544360955447382,2020-07-23 11:53:38,17.26,41.274733000000005,-75.80236500000001,2020-07-23 11:53:38,17.26,41.274733000000005,-75.80236500000001,38218.0,0,2.884704351987001,1.3570468810492227,0.8146701615997767,0.5959037220559434,0,0,0,0,0.3440961687507468,0.0352381606271678,0.251438766313673,APPROVE,0
96153,2020-07-24 23:25:25,4961003488432306,fraud_Torp-Lemke,misc_pos,52.89,Stacy,Walsh,F,324 Donna Ridge Suite 651,Cressona,PA,17929,40.6284,-76.195,1606,Ecologist,1966-05-10,99d5f9bc0679a3bdd0311a41308482ac,1374708325,40.03677,-76.678112,1,23,59.122504873294346,112.79092314484275,11.45224171539961,40.6284,-76.195,0.0,51.0,2020-06-21 06:04:50,65.51,40.630607,-76.531873,1,0,-0.05525714875153207,0.05525714875153207,11.54775828460039,0.7638214853249468,2020-07-24 23:21:29,16.91,39.834186,-76.962618,2020-07-24 23:21:29,16.91,39.834186,-76.962618,236.0,1,3.1277348830434724,1.4177288020478815,0.34926199491499504,0.2995577725382402,0,0,0,2,0.1110909249916692,0.2117918211808722,0.1413011938484301,APPROVE,0
295689,2020-10-11 00:10:47,5456712664803820,fraud_Kutch Group,grocery_net,15.48,Pamela,Matthews,F,36659 Smith Club Apt. 080,Llano,NM,87543,36.1486,-105.6648,247,Architectural technologist,1961-10-24,7aadf83264cd532ea39e87e5a89376c2,1381450247,36.181852,-106.497718,1,0,56.89447265625,83.46262517609698,11.7158203125,36.1486,-105.6648,2.0,9.0,2020-06-20 19:27:39,39.88,36.411673,-105.06771100000002,0,0,-0.4962038046690504,0.4962038046690504,11.7158203125,0.8335814838562638,2020-10-10 02:22:01,9.72,36.332928,-104.773452,2020-10-10 02:22:01,9.72,36.332928,-104.773452,78526.0,0,1.592592428745635,0.9526583128469157,1.7308718024544745,1.0046208997766213,0,0,0,1,0.5852771203957257,0.2017881475794973,0.4702304285508571,VERIFY,0
296761,2020-10-11 12:18:53,5456712664803820,fraud_Tromp Group,travel,1.78,Pamela,Matthews,F,36659 Smith Club Apt. 080,Llano,NM,87543,36.1486,-105.6648,247,Architectural technologist,1961-10-24,c74eb8ad61847e2d87ba807143438693,1381493933,35.656627,-104.778826,1,12,56.89447265625,83.46262517609698,11.7158203125,36.1486,-105.6648,2.0,43.0,2020-06-20 19:27:39,39.88,36.411673,-105.06771100000002,0,0,-0.6603491308788261,0.6603491308788261,0.2841796875,1.0134038491169302,2020-10-11 01:41:01,330.98,35.249298,-106.19265,2020-10-11 01:41:01,330.98,35.249298,-106.19265,38272.0,0,0.005377968441059978,0.0053635588087280785,1.4713311038705776,0.9047569139305032,0,0,0,1,0.0169679510578847,0.1063218323219025,0.04377411543709,APPROVE,0
301402,2020-10-12 22:41:52,5456712664803820,fraud_Kirlin and Sons,personal_care,51.86,Pamela,Matthews,F,36659 Smith Club Apt. 080,Llano,NM,87543,36.1486,-105.6648,247,Architectural technologist,1961-10-24,1189ac7889edcffbdaf1da0f44056d73,1381617712,35.672329,-106.219095,1,22,56.89447265625,83.46262517609698,11.7158203125,36.1486,-105.6648,2.0,82.0,2020-06-20 19:27:39,39.88,36.411673,-105.06771100000002,0,0,-0.06032008441272646,0.06032008441272646,10.2841796875,0.7308057282657271,2020-10-12 22:39:09,842.07,36.807533,-106.651408,2020-10-12 22:39:09,842.07,36.807533,-106.651408,163.0,1,0.06158632885438701,0.05976432608405083,1.21473563032662,0.7951330421194654,0,0,0,1,0.1585231023139114,0.2425962292127847,0.1837450403835734,APPROVE,0
192525,2020-08-27 22:48:50,6011104316292105,fraud_Gottlieb-Hansen,personal_care,20.91,Valerie,Davis,F,3861 Anderson Ramp Apt. 536,Drakes Branch,VA,23937,36.9688,-78.5615,1970,Energy engineer,1985-09-02,c8cecac8950a88ac35853adb49bccd4d,1377643730,36.654786,-77.96393499999999,1,22,54.78588928150766,118.69727909847524,13.897526501766784,36.9688,-78.5615,3.0,195.0,2020-06-21 02:44:12,43.64,36.93467,-79.084814,0,0,-0.2853973507514501,0.2853973507514501,8.102473498233216,0.6750471994023853,2020-08-25 23:43:48,76.75,37.027276,-79.45548199999999,2020-08-25 23:43:48,76.75,37.027276,-79.45548199999999,169502.0,0,0.2724429931929252,0.24093866937649855,1.5373552788178115,0.9311223097632613,0,0,0,0,0.590230038716599,0.122815747350573,0.4500057513067911,VERIFY,0
192590,2020-08-27 23:26:07,6011104316292105,fraud_Leannon-Ward,food_dining,126.48,Valerie,Davis,F,3861 Anderson Ramp Apt. 536,Drakes Branch,VA,23937,36.9688,-78.5615,1970,Energy engineer,1985-09-02,ddbbd5f7cd7c6f0a0740e7b982091b96,1377645967,37.26503,-78.412371,1,23,54.78588928150766,118.69727909847524,13.897526501766784,36.9688,-78.5615,3.0,161.0,2020-06-21 02:44:12,43.64,36.93467,-79.084814,0,0,0.604008033368688,0.604008033368688,9.102473498233216,0.33164992317351955,2020-08-27 23:21:14,246.3,37.377942,-79.077207,2020-08-27 23:21:14,246.3,37.377942,-79.077207,293.0,1,0.5135200953572062,0.4144381267996232,0.6743560088262057,0.5154286190060253,0,0,0,1,0.4533865389779056,0.2877953526543189,0.4037091830808296,VERIFY,0
194922,2020-08-28 23:39:23,6011104316292105,fraud_Baumbach Ltd,personal_care,21.06,Valerie,Davis,F,3861 Anderson Ramp Apt. 536,Drakes Branch,VA,23937,36.9688,-78.5615,1970,Energy engineer,1985-09-02,07f5a91427bbfbc6cd2ccdb53986530a,1377733163,36.49709,-77.877351,1,23,54.78588928150766,118.69727909847524,13.897526501766784,36.9688,-78.5615,2.0,195.0,2020-06-21 02:44:12,43.64,36.93467,-79.084814,0,0,-0.28413363181976486,0.28413363181976486,9.102473498233216,0.8310055224250853,2020-08-28 23:13:37,19.17,37.393805,-78.712713,2020-08-28 23:13:37,19.17,37.393805,-78.712713,1546.0,0,1.098591491987924,0.7412664015963756,1.2255315019488413,0.799995764371947,0,0,0,1,0.5732451765452908,0.2181054647582451,0.4667032630091771,VERIFY,0
56279,2020-07-10 22:50:19,6011399591920186,"fraud_Roberts, Daniel and Macejkovic",kids_pets,19.05,Maria,Roy,F,58665 Nicholas Ford Suite 348,Sheffield,MA,1257,42.1001,-73.3611,2121,Radio producer,1973-10-14,5bd73b3e387b6d9ffc751c068f6b4933,1373496619,42.004346000000005,-73.836943,1,22,52.41792387543253,85.39705050732881,13.849233811171528,42.1001,-73.3611,2.0,167.0,2020-06-21 08:09:24,47.39,41.769105,-72.74365,0,0,-0.3907385944416228,0.3907385944416228,8.150766188828472,0.48538169430357564,2020-07-09 20:07:29,2.94,42.951221,-72.610086,2020-07-09 20:07:29,2.94,42.951221,-72.610086,96170.0,0,6.479589632792642,2.012177928555298,1.5497581630931994,0.9359985166702601,0,0,0,1,0.5286124020214712,0.1502396251052836,0.4151005689466149,VERIFY,0
56317,2020-07-10 23:09:59,6011399591920186,"fraud_Schneider, Hayes and Nikolaus",food_dining,149.42,Maria,Roy,F,58665 Nicholas Ford Suite 348,Sheffield,MA,1257,42.1001,-73.3611,2121,Radio producer,1973-10-14,1cb66d986e7baf73cfae5bfc079fdd31,1373497799,43.098401,-74.096572,1,23,52.41792387543253,85.39705050732881,13.849233811171528,42.1001,-73.3611,4.0,130.0,2020-06-21 08:09:24,47.39,41.769105,-72.74365,0,0,1.1358949098639863,1.1358949098639863,9.150766188828472,1.2399693340502467,2020-07-10 22:50:19,19.05,42.004346000000005,-73.836943,2020-07-10 22:50:19,19.05,42.004346000000005,-73.836943,1180.0,0,7.84356914206986,2.1796905442677406,1.1244392205299443,0.7535078713284424,0,0,0,2,0.126671217135515,0.3767251263664251,0.201687389904788,APPROVE,0
56406,2020-07-10 23:46:17,6011399591920186,fraud_Lynch-Mohr,travel,8.41,Maria,Roy,F,58665 Nicholas Ford Suite 348,Sheffield,MA,1257,42.1001,-73.3611,2121,Radio producer,1973-10-14,2697738eab459fe23504c83a9cd002e3,1373499977,41.766659,-73.808949,1,23,52.41792387543253,85.39705050732881,13.849233811171528,42.1001,-73.3611,1.0,36.0,2020-06-21 08:09:24,47.39,41.769105,-72.74365,0,0,-0.5153330600841148,0.5153330600841148,9.150766188828472,0.5583472282388486,2020-07-10 23:09:59,149.42,43.098401,-74.096572,2020-07-10 23:09:59,149.42,43.098401,-74.096572,2178.0,0,0.056284298913905115,0.054757371506556934,1.362447703470857,0.859698244043762,0,0,0,0,0.2377315520447466,0.6848721769157587,0.3718737395060503,VERIFY,0
56435,2020-07-10 23:59:14,6011399591920186,"fraud_Schoen, Nienow and Bauch",personal_care,17.77,Maria,Roy,F,58665 Nicholas Ford Suite 348,Sheffield,MA,1257,42.1001,-73.3611,2121,Radio producer,1973-10-14,d1a22974e5e0ae557a19df46b6e1e1c2,1373500754,41.832669,-73.705127,1,23,52.41792387543253,85.39705050732881,13.849233811171528,42.1001,-73.3611,3.0,151.0,2020-06-21 08:09:24,47.39,41.769105,-72.74365,0,0,-0.40572740233846394,0.40572740233846394,9.150766188828472,0.43574524264758757,2020-07-10 23:46:17,8.41,41.766659,-73.808949,2020-07-10 23:46:17,8.41,41.766659,-73.808949,777.0,0,2.112960509754993,1.1355742057879363,0.12302978413375956,0.11603019734027772,0,0,0,0,0.6200943003080089,0.1658003048532735,0.4838061016715883,VERIFY,0
56687,2020-07-11 03:15:16,6011399591920186,fraud_Gutmann Ltd,grocery_net,8.96,Maria,Roy,F,58665 Nicholas Ford Suite 348,Sheffield,MA,1257,42.1001,-73.3611,2121,Radio producer,1973-10-14,e453da5e2e1efc0ea68db697db444dea,1373512516,42.06394,-72.813552,1,3,52.41792387543253,85.39705050732881,13.849233811171528,42.1001,-73.3611,0.0,56.0,2020-06-21 08:09:24,47.39,41.769105,-72.74365,1,0,-0.5088925566909409,0.5088925566909409,10.849233811171528,0.5487407018838596,2020-07-11 01:33:31,378.56,41.49615,-73.174983,2020-07-11 01:33:31,378.56,41.49615,-73.174983,6105.0,0,0.02366863899073162,0.02339287951362827,0.6730660085467098,0.5146578764246235,0,0,0,1,0.4458316910195649,0.4116885879553723,0.435588760100307,VERIFY,0
485393,2020-12-15 22:23:07,6011492816282597,fraud_Lubowitz-Walter,kids_pets,22.18,Gary,Barnes,M,2970 Flores Brooks,Smackover,AR,71762,33.3398,-92.7442,2501,Financial adviser,1986-06-11,b3ac952666242217e5667c95b72d9a3a,1387146187,34.300665,-92.419792,1,22,53.09341715022566,91.06345688757666,14.044487427466152,33.3398,-92.74419999999999,0.0,102.0,2020-06-20 22:00:50,72.38,32.880209,-92.10158,1,0,-0.3394711541526365,0.3394711541526365,7.9555125725338485,1.01415092500525,2020-12-15 21:37:37,1065.89,32.83108,-93.199649,2020-12-15 21:37:37,1065.89,32.83108,-93.199649,2730.0,0,0.020808901461868572,0.02059535365448757,1.6636877749968577,0.979711544231745,1,0,0,2,0.2256716913654459,0.3026204847144679,0.2487563293701525,APPROVE,0
31806,2020-07-01 22:51:21,6011893664860915,fraud_Zulauf LLC,personal_care,17.71,Erin,Chavez,F,3379 Williams Common,Littleton,CO,80120,39.5994,-105.0044,320420,Water engineer,1975-07-31,b39c397e0b3c1732fc4826c73709a86f,1372719081,39.640502000000005,-104.816614,1,22,90.07312944983818,190.3724064556992,13.849838187702264,39.5994,-105.0044,4.0,235.0,2020-06-21 06:32:55,236.13,40.577384,-105.873638,0,0,-0.3801135386002696,0.3801135386002696,8.150161812297736,0.1922315171869618,2020-06-30 22:10:25,56.11,38.712599,-105.538227,2020-06-30 22:10:25,56.11,38.712599,-105.538227,88856.0,0,0.31563000685029396,0.27431564356330124,1.175469820615579,0.7772446506923862,0,0,0,0,0.4915827473396979,0.1417516741083459,0.3866334253702923,VERIFY,0
32204,2020-07-02 04:12:43,6011893664860915,"fraud_Koss, McLaughlin and Mayer",food_dining,132.33,Erin,Chavez,F,3379 Williams Common,Littleton,CO,80120,39.5994,-105.0044,320420,Water engineer,1975-07-31,cbf176a26c352af4f2a795f456b48bd9,1372738363,39.705499,-104.817495,1,4,90.07312944983818,190.3724064556992,13.849838187702264,39.5994,-105.0044,7.0,219.0,2020-06-21 06:32:55,236.13,40.577384,-105.873638,0,0,0.22196951288749794,0.22196951288749794,9.849838187702264,0.2149196985527475,2020-07-01 22:51:21,17.71,39.640502000000005,-104.816614,2020-07-01 22:51:21,17.71,39.640502000000005,-104.816614,19282.0,0,7.472049267529686,2.1367724236185617,0.06500297047058505,0.06297758833175696,0,0,0,1,0.2424550742746221,0.0416605600915849,0.182216720019711,APPROVE,0
194209,2020-08-28 17:15:33,6011975266774121,fraud_Kovacek Ltd,travel,9.89,Haley,Wagner,F,05561 Farrell Crescent,Annapolis,MD,21405,39.0305,-76.5515,92106,"Accountant, chartered certified",1943-05-28,07f874db9e160316e512a94903a58d39,1377710133,38.545738,-76.730406,1,17,60.4948,66.98899721242826,10.552380952380952,39.0305,-76.5515,3.0,22.0,2020-06-18 12:03:32,70.09,38.798932,-76.586479,0,0,-0.7554195666507437,0.7554195666507437,6.447619047619048,0.5167219305196971,2020-08-28 16:29:16,947.54,38.044191,-77.350847,2020-08-28 16:29:16,947.54,38.044191,-77.350847,2777.0,0,0.010437554076410966,0.010383458897505396,0.7978072622444607,0.586567734666447,0,0,0,0,0.1101153366957311,0.1147938037097847,0.1115188767999472,APPROVE,0
386313,2020-11-19 05:46:09,6538441737335434,fraud_Parisian and Sons,gas_transport,7.86,Gina,Grimes,F,444 Robert Mews,Clarks Mills,PA,16114,41.3851,-80.1752,606,Energy manager,1997-09-22,0fd4417c456281843baf43bb08415760,1384839969,40.991696000000005,-80.492104,1,5,75.78705277587389,336.9538473683137,15.038039753255655,41.3851,-80.1752,8.0,337.0,2020-06-21 05:32:49,52.38,41.901253,-79.80003599999999,0,0,-0.20159156247898066,0.20159156247898066,10.038039753255655,0.5051681427326882,2020-11-19 02:13:20,317.59,42.044567,-80.48099599999999,2020-11-19 02:13:20,317.59,42.044567,-80.48099599999999,12769.0,0,0.024748890000475806,0.02444759721116535,1.0529295941823422,0.7192678433339529,0,0,0,0,0.5655773105918351,0.3075226923896199,0.4881609251311705,VERIFY,0
387443,2020-11-19 21:29:11,6538441737335434,"fraud_Greenfelder, Bartoletti and Davis",misc_net,826.89,Gina,Grimes,F,444 Robert Mews,Clarks Mills,PA,16114,41.3851,-80.1752,606,Energy manager,1997-09-22,ee5900b043f40d0188f371fc5f0b6908,1384896551,41.409237,-81.072455,1,21,75.78705277587389,336.9538473683137,15.038039753255655,41.3851,-80.1752,5.0,217.0,2020-06-21 05:32:49,52.38,41.901253,-79.80003599999999,0,0,2.229097399721991,2.229097399721991,5.961960246744345,0.8975795952415596,2020-11-19 05:46:09,7.86,40.991696000000005,-80.492104,2020-11-19 05:46:09,7.86,40.991696000000005,-80.492104,56582.0,0,105.20227669182229,3.044522437723423,0.7149459908846281,0.5393815879264615,0,1,0,3,0.5172664016216639,0.2555271359165935,0.4387446219101427,VERIFY,0
387559,2020-11-19 22:52:00,6538441737335434,fraud_Bode-Schuster,kids_pets,19.89,Gina,Grimes,F,444 Robert Mews,Clarks Mills,PA,16114,41.3851,-80.1752,606,Energy manager,1997-09-22,61a091ef338ea3abf2546db7c7f03551,1384901520,42.297246,-79.425116,1,22,75.78705277587389,336.9538473683137,15.038039753255655,41.3851,-80.1752,2.0,166.0,2020-06-21 05:32:49,52.38,41.901253,-79.80003599999999,0,0,-0.16588934373818034,0.16588934373818034,6.961960246744345,1.1809472182836969,2020-11-19 22:48:43,1004.95,42.005098,-80.485252,2020-11-19 22:48:43,1004.95,42.005098,-80.485252,197.0,1,0.01979202943450716,0.01959871379596751,1.0996539421108817,0.7417725416790919,0,0,0,2,0.5726602792595437,0.0846253414962343,0.4262497979305508,VERIFY,0
387610,2020-11-19 23:23:32,6538441737335434,fraud_Boyer-Reichert,shopping_net,821.89,Gina,Grimes,F,444 Robert Mews,Clarks Mills,PA,16114,41.3851,-80.1752,606,Energy manager,1997-09-22,863d91055e2b509de6bc1823c12b3248,1384903412,40.7932,-80.433995,1,23,75.78705277587389,336.9538473683137,15.038039753255655,41.3851,-80.1752,4.0,229.0,2020-06-21 05:32:49,52.38,41.901253,-79.80003599999999,0,0,2.2142585723151744,2.2142585723151744,7.961960246744345,0.646003453570489,2020-11-19 22:52:00,19.89,42.297246,-79.425116,2020-11-19 22:52:00,19.89,42.297246,-79.425116,1892.0,0,41.32176765601972,3.044522437723423,1.8110745999977453,1.033566830169814,0,0,0,2,0.5862945979643372,0.328523186699892,0.5089631745850036,VERIFY,0
389218,2020-11-20 20:47:57,6538441737335434,"fraud_O'Reilly, Mohr and Purdy",home,235.42,Gina,Grimes,F,444 Robert Mews,Clarks Mills,PA,16114,41.3851,-80.1752,606,Energy manager,1997-09-22,8a06d64b37e58c3f88d656e741723d0a,1384980477,40.852794,-80.77770600000001,1,20,75.78705277587389,336.9538473683137,15.038039753255655,41.3851,-80.1752,6.0,114.0,2020-06-21 05:32:49,52.38,41.901253,-79.80003599999999,0,0,0.47375315046004857,0.47375315046004857,4.961960246744345,0.8039671371841045,2020-11-20 03:54:45,11.34,40.717936,-80.983903,2020-11-20 03:54:45,11.34,40.717936,-80.983903,60792.0,0,20.760139262774317,3.044522437723423,0.24638158001968358,0.22024461747867602,0,0,0,2,0.1481896595770854,0.0360502777941158,0.1145478450421945,APPROVE,0
18458,2020-06-27 22:23:08,6544734391390261,fraud_Mosciski Group,travel,9.99,John,Myers,M,701 Wilson Divide,Highland,IN,46322,41.55,-87.4569,23727,Community arts worker,1982-02-08,4bfcd98ca90ac23496def4c6a39120db,1372371788,41.104946000000005,-87.261548,1,22,54.62547837483617,94.74239670968642,14.06684141546527,41.55,-87.4569,0.0,44.0,2020-06-20 17:07:36,7.5,41.953367,-87.204625,1,0,-0.4711246438116339,0.4711246438116339,7.9331585845347306,0.4860406020282592,2020-06-27 16:14:03,917.11,40.691289000000005,-87.41234399999999,2020-06-27 16:14:03,917.11,40.691289000000005,-87.41234399999999,22145.0,0,0.010892913597177097,0.010834013159415228,0.4402857563730584,0.36484153582664974,0,0,0,1,0.3774774423583751,0.2870379266082341,0.3503455876333328,VERIFY,0
265219,2020-09-27 15:13:13,6593939509150446,fraud_Leannon-Nikolaus,travel,11.76,Margaret,Ward,F,244 Jeffery Rapids,Azusa,CA,91702,34.1248,-117.9031,59705,Civil Service fast streamer,1983-06-23,6705bb90a651933c64f6c6dd17d5ebb0,1380294793,33.564088,-118.411544,1,15,86.02818363273454,98.63298489903981,14.161676646706587,34.1248,-117.9031,0.0,9.0,2020-06-20 20:54:32,75.93,33.256701,-117.728587,1,0,-0.7529751122890576,0.7529751122890576,0.8383233532934131,0.7569103302769848,2020-09-27 03:34:22,808.35,33.330811,-118.714314,2020-09-27 03:34:22,808.35,33.330811,-118.714314,41931.0,0,0.014548153628319226,0.01444334453759167,0.38221437914997086,0.32368683571030205,0,0,0,1,0.1847941525962081,0.1221919732793778,0.166013498801159,APPROVE,0
133310,2020-08-06 22:21:18,6595970453799027,"fraud_Hahn, Bahringer and McLaughlin",personal_care,52.45,Gina,Gomez,F,72030 Shelton Crossing Apt. 742,Stirling,NJ,7980,40.6774,-74.4968,2307,Science writer,1969-09-11,697ace69ce18bb8ccbf75b297f60c042,1375827678,41.569634,-74.92634699999999,1,22,61.37244186046511,116.12473728849959,11.605943152454781,40.6774,-74.4968,1.0,107.0,2020-06-21 04:04:10,37.14,41.558158,-74.862665,0,0,-0.0768349792814882,0.0768349792814882,10.394056847545219,0.9902485223240695,2020-08-05 11:22:40,198.64,41.42375,-75.106509,2020-08-05 11:22:40,198.64,41.42375,-75.106509,125918.0,0,0.2640455081350911,0.23431729834799628,0.23181994672591108,0.20849270729273522,0,0,0,1,0.1048137568709311,0.0498907811994308,0.088336864169481,APPROVE,0
133691,2020-08-07 02:47:39,6595970453799027,fraud_Hintz-Bruen,grocery_net,16.19,Gina,Gomez,F,72030 Shelton Crossing Apt. 742,Stirling,NJ,7980,40.6774,-74.4968,2307,Science writer,1969-09-11,47db355767610ef24f6a36b1546d2f5b,1375843659,41.64395,-74.215707,1,2,61.37244186046511,116.12473728849959,11.605943152454781,40.6774,-74.4968,0.0,14.0,2020-06-21 04:04:10,37.14,41.558158,-74.862665,1,0,-0.3890854138953073,0.3890854138953073,9.605943152454781,1.0065943458757334,2020-08-07 00:31:27,21.44,40.352201,-75.487264,2020-08-07 00:31:27,21.44,40.352201,-75.487264,8172.0,0,0.7551305617942835,0.562543248335496,1.8125872898290976,1.034104803432599,1,0,0,2,0.6429934444475208,0.1461060998588052,0.4939272410709061,VERIFY,0
133943,2020-08-07 06:07:15,6595970453799027,fraud_Parisian and Sons,gas_transport,18.5,Gina,Gomez,F,72030 Shelton Crossing Apt. 742,Stirling,NJ,7980,40.6774,-74.4968,2307,Science writer,1969-09-11,e6cbba31353032b7e7bc9f69b6a59cb8,1375855635,40.586809,-74.576538,1,6,61.37244186046511,116.12473728849959,11.605943152454781,40.6774,-74.4968,3.0,225.0,2020-06-21 04:04:10,37.14,41.558158,-74.862665,0,0,-0.36919301169017993,0.36919301169017993,5.605943152454781,0.12068503604424329,2020-08-07 02:47:39,16.19,41.64395,-74.215707,2020-08-07 02:47:39,16.19,41.64395,-74.215707,11976.0,0,1.1426805964990365,0.7620576603523447,1.1170255612303557,0.7500120663501963,0,0,0,0,0.6402110854880649,0.015788689578765,0.4528843667152749,VERIFY,0
134048,2020-08-07 07:35:02,6595970453799027,"fraud_Harris, Gusikowski and Heaney",grocery_net,10.87,Gina,Gomez,F,72030 Shelton Crossing Apt. 742,Stirling,NJ,7980,40.6774,-74.4968,2307,Science writer,1969-09-11,0e7bb135ec2801b8c33c6dace11a0248,1375860902,40.104288,-75.053949,1,7,61.37244186046511,116.12473728849959,11.605943152454781,40.6774,-74.4968,0.0,14.0,2020-06-21 04:04:10,37.14,41.558158,-74.862665,1,0,-0.4348982189737828,0.4348982189737828,4.605943152454781,0.7992949222564928,2020-08-07 06:07:15,18.5,40.586809,-74.576538,2020-08-07 06:07:15,18.5,40.586809,-74.576538,5267.0,0,0.5875675358071601,0.462202993120545,0.6787840439801224,0.5180697480123807,0,0,0,1,0.2323991577423862,0.0500703823237286,0.177700525116789,APPROVE,0
134726,2020-08-07 15:03:32,6595970453799027,fraud_Dickinson Ltd,personal_care,52.82,Gina,Gomez,F,72030 Shelton Crossing Apt. 742,Stirling,NJ,7980,40.6774,-74.4968,2307,Science writer,1969-09-11,5e2b8e3fec8d862bd83d1048bc7192be,1375887812,40.870952,-73.768359,1,15,61.37244186046511,116.12473728849959,11.605943152454781,40.6774,-74.4968,2.0,107.0,2020-06-21 04:04:10,37.14,41.558158,-74.862665,0,0,-0.07364875035685743,0.07364875035685743,3.394056847545219,0.753716569530607,2020-08-07 07:35:02,10.87,40.104288,-75.053949,2020-08-07 07:35:02,10.87,40.104288,-75.053949,26910.0,0,4.859245183142118,1.7680207869548923,1.4968351068157129,0.9150239725995934,0,0,0,0,0.0058171011050791,0.0079441318941584,0.0064552103418029,APPROVE,0
200283,2020-08-30 22:20:42,6596735789587928,fraud_Osinski Inc,personal_care,19.13,Spencer,Williams,M,1145 Tony Drive Suite 080,Watertown,MN,55388,44.9595,-93.8482,5619,Licensed conveyancer,1959-01-15,37619adedf40d74dd83b741130220ab1,1377901242,44.594603,-92.912222,1,22,67.38167318982389,107.97435723908602,10.252446183953033,44.9595,-93.8482,2.0,91.0,2020-06-21 02:42:29,83.22,45.581876,-93.494871,0,0,-0.44688085186837534,0.44688085186837534,11.747553816046967,1.0045917763415197,2020-08-30 22:16:06,1169.13,44.92971,-93.895188,2020-08-30 22:16:06,1169.13,44.92971,-93.895188,276.0,1,0.01636259439381198,0.016230169734133233,1.038517625562999,0.7122228895792565,0,0,0,2,0.460407135412317,0.5545101838951513,0.4886380499571672,VERIFY,0
204641,2020-08-31 23:52:22,6596735789587928,fraud_Torphy-Kertzmann,health_fitness,25.43,Spencer,Williams,M,1145 Tony Drive Suite 080,Watertown,MN,55388,44.9595,-93.8482,5619,Licensed conveyancer,1959-01-15,4158e2cf46f4160422324f433bb1998f,1377993142,45.410151,-93.372839,1,23,67.38167318982389,107.97435723908602,10.252446183953033,44.9595,-93.8482,2.0,43.0,2020-06-21 02:42:29,83.22,45.581876,-93.494871,0,0,-0.3885336655294669,0.3885336655294669,11.252446183953033,0.6550224455100808,2020-08-31 23:20:52,1183.42,44.140062,-93.16693,2020-08-31 23:20:52,1183.42,44.140062,-93.16693,1890.0,0,0.021488567016369024,0.02126094286475906,1.286671902313095,0.8270974427083582,0,0,0,0,0.1163794821287821,0.7882527797287189,0.3179414714087631,VERIFY,0
290263,2020-10-08 00:41:38,6597248210463122,"fraud_Reilly, Heaney and Cole",gas_transport,21.55,Kyle,Wright,M,610 Samantha Park Suite 149,Whittemore,IA,50598,43.0261,-94.4064,912,Optometrist,1968-05-16,e28c4c9347efbfe918e46c67511f5692,1381192898,43.475815,-93.528854,1,0,57.86660039761432,88.13858393835652,11.717693836978132,43.0261,-94.4064,0.0,68.0,2020-06-20 14:47:58,3.78,42.744537,-93.874535,1,0,-0.4120397488003,0.4120397488003,11.717693836978132,0.9860682346273074,2020-10-07 22:59:38,334.54,43.688634,-94.840344,2020-10-07 22:59:38,334.54,43.688634,-94.840344,6120.0,0,0.06441681095110656,0.062427053825223934,1.3286451546071352,0.8452866197439157,1,0,0,2,0.5790534967704289,0.2051634022482935,0.4668864684137883,VERIFY,0
291797,2020-10-08 23:27:41,6597248210463122,fraud_Kozey-Kuhlman,personal_care,48.13,Kyle,Wright,M,610 Samantha Park Suite 149,Whittemore,IA,50598,43.0261,-94.4064,912,Optometrist,1968-05-16,90d7dc1399b7fd242ce383427654ca75,1381274861,42.534923,-94.288287,1,23,57.86660039761432,88.13858393835652,11.717693836978132,43.0261,-94.4064,0.0,29.0,2020-06-20 14:47:58,3.78,42.744537,-93.874535,1,0,-0.1104692162283298,0.1104692162283298,11.282306163021868,0.5051787070908693,2020-10-08 22:32:09,798.05,43.062934000000006,-94.974793,2020-10-08 22:32:09,798.05,43.062934000000006,-94.974793,3332.0,0,0.0603095043414454,0.058560850732363785,0.8660751146159428,0.6238373559643473,0,0,0,1,0.3863019880324354,0.6436331314815367,0.4635013310671657,VERIFY,0
435757,2020-12-05 22:09:52,4292743669224718067,fraud_Hills-Boyer,personal_care,21.28,Michael,Williams,M,35822 Clayton Street Apt. 679,Great Mills,MD,20634,38.2674,-76.4954,5927,Art therapist,1973-06-09,f81258ae7af8711cb75156ca356015ed,1386281392,37.429174,-77.079914,1,22,56.4781214057508,139.715272076205,14.122683706070287,38.2674,-76.4954,2.0,97.0,2020-06-21 11:39:53,51.89,38.348482,-76.93167199999999,0,0,-0.2519275139415335,0.2519275139415335,7.877316293929713,1.0218999184225412,2020-12-05 03:23:40,656.56,38.703043,-76.325305,2020-12-05 03:23:40,656.56,38.703043,-76.325305,67572.0,0,0.03241135611001073,0.0318971885209368,1.4806002066871384,0.9085005497205183,0,0,0,1,0.39433197825049,0.3566880735855942,0.3830388068510212,VERIFY,0
41762,2020-07-05 22:29:31,4462038234743679432,fraud_Roberts-Beahan,misc_pos,51.79,Kimberly,Bush,F,6027 Scott Meadows Suite 494,Dell City,TX,79837,31.924,-105.2099,579,Hydrogeologist,1945-11-26,15c478b387213744e5f32e43aae247c2,1373063371,32.128386,-105.636375,1,22,61.16138144329897,71.4201189964553,11.719587628865979,31.924,-105.2099,1.0,17.0,2020-06-21 06:37:54,56.89,32.835377,-106.156893,0,0,-0.13121486555558978,0.13121486555558978,10.280412371134021,0.47292130700677537,2020-07-05 03:15:53,13.13,31.665331,-105.654444,2020-07-05 03:15:53,13.13,31.665331,-105.654444,69218.0,0,3.944401832109533,1.5982559935737997,0.4634074036806064,0.3807675546873347,0,0,0,0,0.5201201891217294,0.080902396618123,0.3883548513706475,VERIFY,0
42505,2020-07-06 03:29:11,4462038234743679432,"fraud_Tillman, Dickinson and Labadie",gas_transport,23.11,Kimberly,Bush,F,6027 Scott Meadows Suite 494,Dell City,TX,79837,31.924,-105.2099,579,Hydrogeologist,1945-11-26,cad7b6f31e874e620a1623920621f611,1373081351,31.352161,-104.97673799999998,1,3,61.16138144329897,71.4201189964553,11.719587628865979,31.924,-105.2099,1.0,74.0,2020-06-21 06:37:54,56.89,32.835377,-106.156893,0,0,-0.5327823790437138,0.5327823790437138,8.719587628865979,0.6175470509726451,2020-07-06 02:51:13,341.91,31.805983,-105.005893,2020-07-06 02:51:13,341.91,31.805983,-105.005893,2278.0,0,0.06759088629291074,0.06540460188095058,0.45475754167358584,0.37483924871277063,0,0,0,0,0.4781628345945083,0.4063272170602194,0.4566121493342217,VERIFY,0
188543,2020-08-25 22:56:20,4512828414983801773,"fraud_Turner, Ziemann and Lehner",food_dining,113.15,Monica,Cohen,F,864 Reynolds Plains,Uledi,PA,15484,39.8936,-79.7856,328,Tree surgeon,1983-07-25,26294deb72c4c9fd8d58a655fddafa05,1377471380,40.389661,-79.69586899999999,1,22,55.35335574767851,121.66111487537806,13.89113032340698,39.8936,-79.7856,4.0,196.0,2020-06-21 11:33:42,154.4,40.431745,-79.46119499999999,0,0,0.4750625854157438,0.4750625854157438,8.10886967659302,0.5041112655773525,2020-08-25 02:47:51,746.6,39.707859,-80.584417,2020-08-25 02:47:51,746.6,39.707859,-80.584417,72509.0,0,0.15155370994970035,0.14111208265561562,1.1199872836367484,0.7514100903813786,0,0,0,0,0.535200324803766,0.1761653073268704,0.4274898195606973,VERIFY,0
188602,2020-08-25 23:11:24,4512828414983801773,fraud_Runte-Mohr,food_dining,108.56,Monica,Cohen,F,864 Reynolds Plains,Uledi,PA,15484,39.8936,-79.7856,328,Tree surgeon,1983-07-25,9b479c97ed9803de963e05f90e4085b5,1377472284,39.939243,-80.092709,1,23,55.35335574767851,121.66111487537806,13.89113032340698,39.8936,-79.7856,2.0,196.0,2020-06-21 11:33:42,154.4,40.431745,-79.46119499999999,0,0,0.43733483676759144,0.43733483676759144,9.10886967659302,0.3104822399590643,2020-08-25 23:11:19,474.73,40.777232,-79.24407,2020-08-25 23:11:19,474.73,40.777232,-79.24407,5.0,1,0.2286773529613099,0.205938268014279,1.1926498716899316,0.7851107994570452,0,0,0,1,0.4973330726707753,0.1952807712427329,0.4067173822423626,VERIFY,0
189240,2020-08-26 07:16:58,4512828414983801773,fraud_Williamson LLC,misc_pos,662.94,Monica,Cohen,F,864 Reynolds Plains,Uledi,PA,15484,39.8936,-79.7856,328,Tree surgeon,1983-07-25,22166ba5c3128f718de64f30d90f3119,1377501418,40.178925,-80.39969,1,7,55.35335574767851,121.66111487537806,13.89113032340698,39.8936,-79.7856,0.0,205.0,2020-06-21 11:33:42,154.4,40.431745,-79.46119499999999,1,0,4.994090674580815,4.994090674580815,6.89113032340698,0.6771387477651871,2020-08-26 02:10:44,834.55,38.907559,-79.095668,2020-08-26 02:10:44,834.55,38.907559,-79.095668,18374.0,0,0.7943682214434508,0.5846529942160877,1.8212207121708257,1.0371696679422726,0,0,0,2,0.3929121032963851,0.6581896578164241,0.4724953696523968,VERIFY,0
457517,2020-12-10 03:06:40,4560395181594436016,fraud_Gutmann-Upton,misc_pos,8.76,Angela,Taylor,F,6343 Ramirez Skyway Apt. 518,Lakeport,CA,95453,39.047,-122.9328,11256,Podiatrist,1972-10-18,ecae65046332090627e34d75fdeae85a,1386644800,38.596368,-123.141124,1,3,84.84011022044089,122.76944651043708,14.052605210420841,39.047,-122.9328,1.0,127.0,2020-06-20 22:57:22,46.41,39.574516,-123.754171,0,0,-0.6196990518668991,0.6196990518668991,11.052605210420841,0.49645552509766755,2020-12-10 02:12:44,10.97,39.217949,-122.002342,2020-12-10 02:12:44,10.97,39.217949,-122.002342,3236.0,0,0.7985414039615858,0.5869760052739224,1.2973771167571182,0.8317680881838343,0,0,0,0,0.4300785716178197,0.2409370086888181,0.3733361027391192,VERIFY,0
459494,2020-12-10 17:30:59,4560395181594436016,"fraud_Schroeder, Wolff and Hermiston",travel,8.96,Angela,Taylor,F,6343 Ramirez Skyway Apt. 518,Lakeport,CA,95453,39.047,-122.9328,11256,Podiatrist,1972-10-18,5dd2b06961eb8ec531ad21bb09e8658f,1386696659,39.050171,-122.692423,1,17,84.84011022044089,122.76944651043708,14.052605210420841,39.047,-122.9328,0.0,51.0,2020-06-20 22:57:22,46.41,39.574516,-123.754171,1,0,-0.6180699820612131,0.6180699820612131,2.9473947895791586,0.2403979146540121,2020-12-10 03:06:40,8.76,38.596368,-123.141124,2020-12-10 03:06:40,8.76,38.596368,-123.141124,51859.0,0,1.0228309334667887,0.7044979825067973,0.6381768957036915,0.49358397453494307,0,0,0,1,0.0711299483709824,0.0632541144102857,0.0687671981827734,APPROVE,0
460892,2020-12-11 02:14:20,4560395181594436016,fraud_Stiedemann Ltd,food_dining,101.04,Angela,Taylor,F,6343 Ramirez Skyway Apt. 518,Lakeport,CA,95453,39.047,-122.9328,11256,Podiatrist,1972-10-18,9e0a1109a6797b2c3d94c01878c42dec,1386728060,38.674714,-123.544141,1,2,84.84011022044089,122.76944651043708,14.052605210420841,39.047,-122.9328,2.0,145.0,2020-06-20 22:57:22,46.41,39.574516,-123.754171,0,0,0.13195375647660143,0.13195375647660143,11.947394789579159,0.7157755822022651,2020-12-11 02:10:43,343.37,38.729526,-122.571755,2020-12-11 02:10:43,343.37,38.729526,-122.571755,217.0,1,0.2942598354711832,0.25793897613061484,0.9739296115941851,0.6800262826218314,0,0,0,1,0.3746534647026802,0.0686582507714561,0.282854900523313,APPROVE,0
461105,2020-12-11 03:51:57,4560395181594436016,"fraud_Yost, Block and Koepp",misc_pos,8.33,Angela,Taylor,F,6343 Ramirez Skyway Apt. 518,Lakeport,CA,95453,39.047,-122.9328,11256,Podiatrist,1972-10-18,858f16a84b02a891aa7e790a1f134a56,1386733917,38.10709,-121.933423,1,3,84.84011022044089,122.76944651043708,14.052605210420841,39.047,-122.9328,2.0,127.0,2020-06-20 22:57:22,46.41,39.574516,-123.754171,0,0,-0.623201551949124,0.623201551949124,11.052605210420841,1.3719275477331108,2020-12-11 02:14:20,101.04,38.674714,-123.544141,2020-12-11 02:14:20,101.04,38.674714,-123.544141,5857.0,0,0.0824425961753504,0.0792201505511034,1.707808385299702,0.9961395937945535,0,0,0,1,0.3451289109221345,0.274571815688949,0.3239617823521788,VERIFY,0
462194,2020-12-11 12:36:24,4560395181594436016,fraud_Kris-Kertzmann,travel,7.88,Angela,Taylor,F,6343 Ramirez Skyway Apt. 518,Lakeport,CA,95453,39.047,-122.9328,11256,Podiatrist,1972-10-18,6b7742d1412057c8ff9f3b701fb6a8b5,1386765384,39.139593,-122.688798,1,12,84.84011022044089,122.76944651043708,14.052605210420841,39.047,-122.9328,0.0,51.0,2020-06-20 22:57:22,46.41,39.574516,-123.754171,1,0,-0.6268669590119174,0.6268669590119174,2.0526052104208414,0.26097976866607414,2020-12-11 03:52:05,770.65,39.721476,-122.611438,2020-12-11 03:52:05,770.65,39.721476,-122.611438,31459.0,0,0.010225134613345703,0.010173211571183473,0.5870028920618752,0.4618472638878385,0,0,0,1,0.0494733959262875,0.072194808506878,0.0562898197004646,APPROVE,0
259965,2020-09-25 00:33:05,4646845581490336108,fraud_Schuppe-Schuppe,food_dining,106.28,Julia,Bell,F,576 House Crossroad,West Sayville,NY,11796,40.732,-73.1,4056,Film/video editor,1990-06-25,d00cc8caab6dd6a53a48360f7a299ff9,1380069185,41.215542,-73.54521899999999,1,0,91.98935708752904,140.7856880983207,13.848179705654532,40.732,-73.1,6.0,171.0,2020-06-21 07:41:01,12.17,41.342631,-72.314561,0,0,0.10150636051147771,0.10150636051147771,10.151820294345468,0.6572920383855224,2020-09-24 21:00:35,152.95,41.160866,-73.602975,2020-09-24 21:00:35,152.95,41.160866,-73.602975,12750.0,0,0.694867599248986,0.5276046252439991,0.0795312549379264,0.07652692371517103,0,0,0,0,0.5800535054214307,0.0370479719477833,0.4171518453793365,VERIFY,0
261676,2020-09-25 22:28:54,4646845581490336108,fraud_Baumbach Ltd,personal_care,22.44,Julia,Bell,F,576 House Crossroad,West Sayville,NY,11796,40.732,-73.1,4056,Film/video editor,1990-06-25,89726f000093551cff527e377e713c4a,1380148134,41.422884,-73.466718,1,22,91.98935708752904,140.7856880983207,13.848179705654532,40.732,-73.1,5.0,207.0,2020-06-21 07:41:01,12.17,41.342631,-72.314561,0,0,-0.49400871305149324,0.49400871305149324,8.151820294345468,0.7821782360689984,2020-09-25 03:44:08,479.52,40.797655,-73.33613000000001,2020-09-25 03:44:08,479.52,40.797655,-73.33613000000001,67486.0,0,0.04679679669920588,0.04573483158052615,0.638721009663063,0.493916065420949,0,0,0,0,0.5576748084475205,0.2682647359144493,0.4708517866875991,VERIFY,0
261792,2020-09-25 23:49:17,4646845581490336108,"fraud_Dare, Casper and Bartoletti",kids_pets,19.5,Julia,Bell,F,576 House Crossroad,West Sayville,NY,11796,40.732,-73.1,4056,Film/video editor,1990-06-25,8f53a0a94c1937c37690277bac97989e,1380152957,41.45538,-72.762974,1,23,91.98935708752904,140.7856880983207,13.848179705654532,40.732,-73.1,1.0,200.0,2020-06-21 07:41:01,12.17,41.342631,-72.314561,0,0,-0.514891517396378,0.514891517396378,9.151820294345468,0.7980383130376603,2020-09-25 22:28:54,22.44,41.422884,-73.466718,2020-09-25 22:28:54,22.44,41.422884,-73.466718,4823.0,0,0.8689839184944776,0.6253949240995852,0.704493866227379,0.5332682140134462,0,0,0,0,0.5759576888991155,0.2363924970220045,0.4740881313359821,VERIFY,0
261829,2020-09-26 00:24:21,4646845581490336108,fraud_Christiansen-Gusikowski,misc_pos,8.57,Julia,Bell,F,576 House Crossroad,West Sayville,NY,11796,40.732,-73.1,4056,Film/video editor,1990-06-25,34f31096f3eb3543355af42435ca8b51,1380155061,40.594429,-73.18288100000001,1,0,91.98935708752904,140.7856880983207,13.848179705654532,40.732,-73.1,0.0,163.0,2020-06-21 07:41:01,12.17,41.342631,-72.314561,1,0,-0.5925272491955582,0.5925272491955582,10.151820294345468,0.1606083441232203,2020-09-26 00:08:59,1115.73,41.148416,-72.937737,2020-09-26 00:08:59,1115.73,41.148416,-72.937737,922.0,0,0.00768106978598669,0.007651720562607196,0.605802919194852,0.4736238926736642,0,0,0,1,0.4936149099400241,0.2046975362138187,0.4069396978221624,VERIFY,0
262538,2020-09-26 11:55:16,4646845581490336108,"fraud_Jenkins, Hauck and Friesen",gas_transport,9.54,Julia,Bell,F,576 House Crossroad,West Sayville,NY,11796,40.732,-73.1,4056,Film/video editor,1990-06-25,5b2d847161e767ff46f7c1ffc4821dc5,1380196516,41.252963,-73.819864,1,11,91.98935708752904,140.7856880983207,13.848179705654532,40.732,-73.1,1.0,81.0,2020-06-21 07:41:01,12.17,41.342631,-72.314561,0,0,-0.5856373443606814,0.5856373443606814,2.848179705654532,0.8885981239373644,2020-09-26 00:24:21,8.57,40.594429,-73.18288100000001,2020-09-26 00:24:21,8.57,40.594429,-73.18288100000001,41455.0,0,1.1131854010285414,0.7481964778176361,0.9161955967177461,0.6503417603078469,0,0,0,1,0.6784340281424199,0.0394329154828113,0.4867336943445373,VERIFY,0
263369,2020-09-26 20:46:23,4646845581490336108,"fraud_Dare, Casper and Bartoletti",kids_pets,17.31,Julia,Bell,F,576 House Crossroad,West Sayville,NY,11796,40.732,-73.1,4056,Film/video editor,1990-06-25,5da3d6ca69e3a571d06d660e4d157795,1380228383,39.990252000000005,-72.609716,1,20,91.98935708752904,140.7856880983207,13.848179705654532,40.732,-73.1,1.0,200.0,2020-06-21 07:41:01,12.17,41.342631,-72.314561,0,0,-0.5304470757349145,0.5304470757349145,6.151820294345468,0.889139188293925,2020-09-26 11:55:16,9.54,41.252963,-73.819864,2020-09-26 11:55:16,9.54,41.252963,-73.819864,31867.0,0,1.814465218609516,1.0347722679168283,1.7489703403502772,1.0112264198743686,0,0,0,1,0.0790516475890095,0.0257884688787719,0.0630726939759382,APPROVE,0
279658,2020-10-03 23:41:34,4710826438164847414,fraud_Fadel Inc,health_fitness,23.91,Juan,Henry,M,9795 Lori Island Suite 346,Turner,MT,59542,48.8328,-108.3961,192,Further education lecturer,1964-01-04,9fc21f4db6644e59b7d2e806d6ab9453,1380843694,48.361366,-108.898699,1,23,60.35200260926288,96.91931643051186,11.337899543378995,48.832800000000006,-108.3961,0.0,130.0,2020-06-21 12:02:27,10.14,48.382903000000006,-108.571748,1,0,-0.3760035003898028,0.3760035003898028,11.662100456621005,0.6890977950603223,2020-10-03 23:40:23,715.39,48.125345,-108.009667,2020-10-03 23:40:23,715.39,48.125345,-108.009667,71.0,1,0.033422329032524456,0.03287594398464212,0.9198281412660724,0.6522356722761988,0,0,0,2,0.2307366763113561,0.290949713381969,0.2488005874325399,APPROVE,0
279671,2020-10-03 23:46:44,4710826438164847414,fraud_Flatley Group,misc_pos,49.24,Juan,Henry,M,9795 Lori Island Suite 346,Turner,MT,59542,48.8328,-108.3961,192,Further education lecturer,1964-01-04,0fafcddbf43dc68d9134c6742eef39f9,1380844004,48.421738,-108.259349,1,23,60.35200260926288,96.91931643051186,11.337899543378995,48.832800000000006,-108.3961,2.0,66.0,2020-06-21 12:02:27,10.14,48.382903000000006,-108.571748,0,0,-0.11465209314159525,0.11465209314159525,11.662100456621005,0.43321219263198013,2020-10-03 23:41:34,23.91,48.361366,-108.898699,2020-10-03 23:41:34,23.91,48.361366,-108.898699,310.0,0,2.0593892906989004,1.118215317842936,0.6421940523580014,0.49603318453346656,0,0,0,0,0.2961281655877853,0.0806944842409567,0.2314980611837367,APPROVE,0
125853,2020-08-04 00:51:27,4725837176265195730,"fraud_Turner, Ruecker and Parisian",misc_pos,9.29,Elizabeth,Mckee,F,358 Pruitt Square,Jay,FL,32565,30.8985,-87.1332,5719,Higher education careers adviser,1994-11-05,8edc1be7a04f4a7a3b961b805c9665e6,1375577487,30.502501,-87.95567700000001,1,0,82.78273453093813,114.2641386661073,14.461077844311378,30.8985,-87.1332,2.0,34.0,2020-06-20 20:09:47,1.72,30.877912,-86.92665,0,0,-0.6431828458665351,0.6431828458665351,9.538922155688622,0.9128437015886182,2020-08-03 23:29:38,19.33,30.279472,-86.200294,2020-08-03 23:29:38,19.33,30.279472,-86.200294,4909.0,0,0.48060007860320336,0.3924474641156096,1.7694946768866053,1.0186648764406478,0,0,0,1,0.2733241258240421,0.2861635043992293,0.2771759393965982,APPROVE,0
126100,2020-08-04 02:46:39,4725837176265195730,fraud_Balistreri-Nader,misc_pos,9.5,Elizabeth,Mckee,F,358 Pruitt Square,Jay,FL,32565,30.8985,-87.1332,5719,Higher education careers adviser,1994-11-05,b5721fe7666ec5750336f71a1e9b41a3,1375584399,31.426065,-87.068753,1,2,82.78273453093813,114.2641386661073,14.461077844311378,30.8985,-87.1332,0.0,34.0,2020-06-20 20:09:47,1.72,30.877912,-86.92665,1,0,-0.6413449989216087,0.6413449989216087,11.538922155688622,0.5314868248922103,2020-08-04 01:14:34,347.5,31.761515000000003,-87.443668,2020-08-04 01:14:34,347.5,31.761515000000003,-87.443668,5525.0,0,0.027338129417732,0.02697111669821486,0.503078482669456,0.4075153267525068,0,0,0,1,0.3165859713654453,0.670846312884392,0.4228640738211293,VERIFY,0
126146,2020-08-04 03:09:37,4725837176265195730,"fraud_Terry, Johns and Bins",misc_pos,9.65,Elizabeth,Mckee,F,358 Pruitt Square,Jay,FL,32565,30.8985,-87.1332,5719,Higher education careers adviser,1994-11-05,a6758b1f7d7a8ee735e58d31237b7984,1375585777,30.500708000000003,-87.442833,1,3,82.78273453093813,114.2641386661073,14.461077844311378,30.8985,-87.1332,1.0,34.0,2020-06-20 20:09:47,1.72,30.877912,-86.92665,0,0,-0.640032251103804,0.640032251103804,11.461077844311378,0.5040943066064035,2020-08-04 02:46:39,9.5,31.426065,-87.068753,2020-08-04 02:46:39,9.5,31.426065,-87.068753,1378.0,0,1.015789366759014,0.7010108639763273,0.9981089238399738,0.6922011951768182,0,0,0,0,0.3183039391378597,0.6161371307197316,0.4076538966124213,VERIFY,0
26139,2020-06-29 23:52:03,4761403817546679245,fraud_Osinski Inc,personal_care,22.91,Diana,Jacobs,F,69608 Perez Mountain Apt. 006,Viola,AR,72583,36.3924,-91.9932,1679,Psychiatric nurse,1986-05-02,74b721d183db1c513bc156019c60afcc,1372549923,35.459619,-92.066649,1,23,53.4475595621378,92.17796915803537,13.888602704443013,36.3924,-91.9932,0.0,123.0,2020-06-21 07:18:06,81.89,36.526995,-91.562616,1,0,-0.3312891302529487,0.3312891302529487,9.111397295556987,0.9356682903475979,2020-06-29 23:38:00,20.53,36.34707,-92.601754,2020-06-29 23:38:00,20.53,36.34707,-92.601754,843.0,0,1.1159278560191008,0.7494934189058904,1.036294667759127,0.7111318169779296,1,0,0,2,0.5841155628628084,0.2759727351420823,0.4916727145465905,VERIFY,0
89644,2020-07-21 22:28:19,4797297220948468262,fraud_Ruecker-Mayert,kids_pets,17.79,Erica,Briggs,F,3310 Davidson Spurs Apt. 107,Oolitic,IN,47451,38.8938,-86.5246,1228,Counsellor,1991-03-13,404dfc0e52a5d25a1b50bdf0cd3d467c,1374445699,39.721608,-86.457261,1,22,49.024931129476585,89.08533159460129,14.149547422274695,38.8938,-86.5246,4.0,192.0,2020-06-20 23:38:54,1.82,39.062727,-87.012204,0,0,-0.35061811209278093,0.35061811209278093,7.850452577725305,0.8305423684466724,2020-07-21 02:32:15,310.49,38.25085,-86.730716,2020-07-21 02:32:15,310.49,38.25085,-86.730716,71764.0,0,0.057296531104716636,0.055715207851232726,1.4959634793633865,0.9146748187348275,0,0,0,1,0.4136886791726635,0.2256554533541333,0.3572787114271044,VERIFY,0
89772,2020-07-21 23:03:47,4797297220948468262,fraud_Beer-Jast,kids_pets,22.02,Erica,Briggs,F,3310 Davidson Spurs Apt. 107,Oolitic,IN,47451,38.8938,-86.5246,1228,Counsellor,1991-03-13,35cd8447417ccf8d5938c04cf5eabd34,1374447827,38.596484,-86.172363,1,23,49.024931129476585,89.08533159460129,14.149547422274695,38.8938,-86.5246,4.0,192.0,2020-06-20 23:38:54,1.82,39.062727,-87.012204,0,0,-0.30313554816444754,0.30313554816444754,8.850452577725305,0.4609421959693026,2020-07-21 22:28:19,17.79,39.721608,-86.457261,2020-07-21 22:28:19,17.79,39.721608,-86.457261,2128.0,0,1.2377739607771803,0.8054816042424453,1.1606338293277574,0.7704016181547144,0,0,0,0,0.2411483774805959,0.1637161659891488,0.2179187140331618,APPROVE,0
91393,2020-07-22 19:46:14,4797297220948468262,"fraud_Kling, Howe and Schneider",home,258.3,Erica,Briggs,F,3310 Davidson Spurs Apt. 107,Oolitic,IN,47451,38.8938,-86.5246,1228,Counsellor,1991-03-13,36cb3ea22581db131ac57dc165e76a1c,1374522374,39.609781,-87.062331,1,19,49.024931129476585,89.08533159460129,14.149547422274695,38.8938,-86.5246,7.0,235.0,2020-06-20 23:38:54,1.82,39.062727,-87.012204,0,0,2.3491529163713967,2.3491529163713967,4.850452577725305,0.8954235984839758,2020-07-22 07:21:42,353.17,39.394551,-86.02461,2020-07-22 07:21:42,353.17,39.394551,-86.02461,44672.0,0,0.731375822602781,0.5489163656283292,1.0598060326026688,0.722611819437516,0,1,0,2,0.2833276298339026,0.4670900059893026,0.3384563426805226,VERIFY,0
91705,2020-07-22 23:26:45,4797297220948468262,"fraud_Bahringer, Osinski and Block",food_dining,132.1,Erica,Briggs,F,3310 Davidson Spurs Apt. 107,Oolitic,IN,47451,38.8938,-86.5246,1228,Counsellor,1991-03-13,bdc03f695ea606057e29f7d4f68a351b,1374535605,38.250704,-86.82561199999999,1,23,49.024931129476585,89.08533159460129,14.149547422274695,38.8938,-86.5246,3.0,170.0,2020-06-20 23:38:54,1.82,39.062727,-87.012204,0,0,0.9325336332140258,0.9325336332140258,8.850452577725305,0.7100568212192538,2020-07-22 19:46:14,258.3,39.609781,-87.062331,2020-07-22 19:46:14,258.3,39.609781,-87.062331,13231.0,0,0.5114208265140502,0.4130501531271507,1.379538392684307,0.8669065162184826,0,0,0,0,0.2709467715125268,0.1721137817487711,0.2412968745834,APPROVE,0
280222,2020-10-04 05:34:50,4861310130652566408,"fraud_Lakin, Ferry and Beatty",food_dining,107.67,Ashley,Cruz,F,65417 Walsh Radial Suite 691,Saint Amant,LA,70774,30.2385,-90.8435,10076,"Surveyor, rural practice",1977-12-16,17be59c89b80fcdf6eb9b8f6ddaf8b73,1380864890,30.648831,-90.905466,1,5,89.02858557844691,143.76866846060588,13.886687797147385,30.238500000000002,-90.8435,3.0,180.0,2020-06-20 17:51:05,23.83,31.1547,-91.784184,0,0,0.12966256480979005,0.12966256480979005,8.886687797147385,0.41498351137966827,2020-10-04 00:52:01,776.66,30.625026,-91.706909,2020-10-04 00:52:01,776.66,30.625026,-91.706909,16969.0,0,0.13863209108408817,0.12982762182419813,0.801796458132603,0.5887841994948995,0,0,0,0,0.1771911280158155,0.0456238248544465,0.1377209370674048,APPROVE,0
282251,2020-10-04 22:28:19,4861310130652566408,fraud_Shanahan-Lehner,personal_care,20.21,Ashley,Cruz,F,65417 Walsh Radial Suite 691,Saint Amant,LA,70774,30.2385,-90.8435,10076,"Surveyor, rural practice",1977-12-16,50c2a98f88af8369d7ef54c889fb995a,1380925699,31.103591,-90.549573,1,22,89.02858557844691,143.76866846060588,13.886687797147385,30.238500000000002,-90.8435,7.0,207.0,2020-06-20 17:51:05,23.83,31.1547,-91.784184,0,0,-0.47867581884594074,0.47867581884594074,8.113312202852615,0.9136605056638957,2020-10-04 05:34:50,107.67,30.648831,-90.905466,2020-10-04 05:34:50,107.67,30.648831,-90.905466,60809.0,0,0.1877031653412913,0.17202132889620805,0.5774655704446859,0.4558194898034126,0,0,0,1,0.5920772180789821,0.1208339812325581,0.4507042470250548,VERIFY,0
282264,2020-10-04 22:35:03,4861310130652566408,fraud_O'Keefe-Wisoky,food_dining,132.25,Ashley,Cruz,F,65417 Walsh Radial Suite 691,Saint Amant,LA,70774,30.2385,-90.8435,10076,"Surveyor, rural practice",1977-12-16,fabcc6bdbad9e09873b22941748f4387,1380926103,29.413237,-90.257679,1,22,89.02858557844691,143.76866846060588,13.886687797147385,30.238500000000002,-90.8435,5.0,180.0,2020-06-20 17:51:05,23.83,31.1547,-91.784184,0,0,0.3006316646297976,0.3006316646297976,8.113312202852615,1.0120500299935853,2020-10-04 22:28:19,20.21,31.103591,-90.549573,2020-10-04 22:28:19,20.21,31.103591,-90.549573,404.0,0,6.543789879080164,2.0207246922232414,1.7153713162321471,0.9989287087608456,0,0,0,2,0.3011755208827905,0.1178921644436607,0.2461905139510515,APPROVE,0
282349,2020-10-04 23:12:06,4861310130652566408,fraud_Fahey Inc,kids_pets,21.22,Ashley,Cruz,F,65417 Walsh Radial Suite 691,Saint Amant,LA,70774,30.2385,-90.8435,10076,"Surveyor, rural practice",1977-12-16,a8e41f2e5f6f928d558ca5d7446ea671,1380928326,31.213116,-89.87556,1,23,89.02858557844691,143.76866846060588,13.886687797147385,30.238500000000002,-90.8435,4.0,227.0,2020-06-20 17:51:05,23.83,31.1547,-91.784184,0,0,-0.47165064428051323,0.47165064428051323,9.113312202852615,1.3736026321524069,2020-10-04 22:35:03,132.25,29.413237,-90.257679,2020-10-04 22:35:03,132.25,29.413237,-90.257679,2223.0,0,0.16045368498711768,0.14881103640308954,1.839994387165897,1.0438020758211255,0,0,0,1,0.5731700028946015,0.2386209161585938,0.4728052768737991,VERIFY,0
283708,2020-10-05 12:04:45,4861310130652566408,"fraud_Medhurst, Cartwright and Ebert",personal_care,21.74,Ashley,Cruz,F,65417 Walsh Radial Suite 691,Saint Amant,LA,70774,30.2385,-90.8435,10076,"Surveyor, rural practice",1977-12-16,ab79ce05a2bbe38e0ab0279aa9ca1bb5,1380974685,30.799938,-90.903222,1,12,89.02858557844691,143.76866846060588,13.886687797147385,30.238500000000002,-90.8435,3.0,207.0,2020-06-20 17:51:05,23.83,31.1547,-91.784184,0,0,-0.46803372272207533,0.46803372272207533,1.8866877971473848,0.5646054774158661,2020-10-05 09:09:43,983.27,31.089718,-91.479471,2020-10-05 09:09:43,983.27,31.089718,-91.479471,10502.0,0,0.022109898581152785,0.02186901885854016,0.6450080297182393,0.49774526549310527,0,0,0,0,0.1755847911000707,0.0502119780172808,0.1379729471752337,APPROVE,0
285371,2020-10-05 22:12:45,4861310130652566408,fraud_Ernser-Lynch,food_dining,121.62,Ashley,Cruz,F,65417 Walsh Radial Suite 691,Saint Amant,LA,70774,30.2385,-90.8435,10076,"Surveyor, rural practice",1977-12-16,bea2370ca2bb1d9f2ebba6768d1b1579,1381011165,30.979727,-90.313108,1,22,89.02858557844691,143.76866846060588,13.886687797147385,30.238500000000002,-90.8435,9.0,180.0,2020-06-20 17:51:05,23.83,31.1547,-91.784184,0,0,0.22669344123326873,0.22669344123326873,8.113312202852615,0.911445631506896,2020-10-05 12:04:45,21.74,30.799938,-90.903222,2020-10-05 12:04:45,21.74,30.799938,-90.903222,36480.0,0,5.594295970823553,1.8862050285108445,0.6168943325375907,0.4805072306165344,0,0,0,2,0.2720148782896074,0.0338818691281125,0.2005749755411589,APPROVE,0
38903,2020-07-05 02:44:58,4989847570577635369,fraud_Will Ltd,food_dining,136.93,Vanessa,Anderson,F,21178 Brittney Locks,Prosperity,SC,29127,34.1832,-81.5324,8333,Archaeologist,1994-07-09,05668abc68d0c0f435bf53247eb44d99,1372992298,35.143215000000005,-82.367929,1,2,87.58254220456801,122.90886378981517,13.635551142005959,34.1832,-81.5324,3.0,72.0,2020-06-21 03:03:27,188.02,35.026104,-80.72802,0,0,0.4014963272162706,0.4014963272162706,11.635551142005959,1.272689086173848,2020-07-05 01:46:18,338.47,33.852327,-80.962576,2020-07-05 01:46:18,338.47,33.852327,-80.962576,3520.0,0,0.40455579400078057,0.33972109194279276,1.9082475948243773,1.0675506986962164,0,0,0,1,0.4020325436970849,0.2233775488392137,0.3484360452397235,VERIFY,0
39009,2020-07-05 03:42:14,4989847570577635369,fraud_Connelly PLC,food_dining,115.28,Vanessa,Anderson,F,21178 Brittney Locks,Prosperity,SC,29127,34.1832,-81.5324,8333,Archaeologist,1994-07-09,3530fd1cd6d9e8302e543bc3c40c4212,1372995734,33.233527,-82.20876700000001,1,3,87.58254220456801,122.90886378981517,13.635551142005959,34.1832,-81.5324,1.0,72.0,2020-06-21 03:03:27,188.02,35.026104,-80.72802,0,0,0.2253495534500058,0.2253495534500058,10.635551142005959,1.1659121431814716,2020-07-05 02:44:58,136.93,35.143215000000005,-82.367929,2020-07-05 02:44:58,136.93,35.143215000000005,-82.367929,3436.0,0,0.8418900106485795,0.6107922241331212,1.9163091607535587,1.0703188307327507,0,0,0,1,0.5156357185699997,0.1173925324697837,0.3961627627399349,VERIFY,0
40837,2020-07-05 17:04:01,4989847570577635369,"fraud_McDermott, Osinski and Morar",home,252.48,Vanessa,Anderson,F,21178 Brittney Locks,Prosperity,SC,29127,34.1832,-81.5324,8333,Archaeologist,1994-07-09,9b3c14d97332ea51409c55a4051d43a9,1373043841,34.278473,-80.69075,1,17,87.58254220456801,122.90886378981517,13.635551142005959,34.1832,-81.5324,2.0,93.0,2020-06-21 03:03:27,188.02,35.026104,-80.72802,0,0,1.3416237964399147,1.3416237964399147,3.3644488579940415,0.8470251867736885,2020-07-05 03:50:28,520.74,34.537761,-81.55863199999999,2020-07-05 03:50:28,520.74,34.537761,-81.55863199999999,47613.0,0,0.48484848391740887,0.3953127360170952,0.9057866376073302,0.644894856472451,0,0,0,1,0.172152159152707,0.1575718136692348,0.1677780555076654,APPROVE,0
